watch_id,name,brand,price,material,reference,condition,image_url
1,Pre-Owned Ladies Rolex Datejust Ref 179163 Ivory Pyramid Dial,Rolex,8995.0,Steel and Gold,179163,Used,/static/images/watches/rolex_datejust.png
2,Pre-Owned Black Dial Rolex Sky-Dweller 336934 Jubilee Bracelet,Rolex,23995.0,Stainless Steel,336934,Used,/static/images/watches/rolex_skydweller.png
3,Omega Constellation Yellow Gold,Omega,34995.0,Yellow Gold,131.50.39.20.02.002,Used,/static/images/watches/omega_constellation.png
4,Superocean Heritage B20 Automatic 44 Steel & 18k Red Gold,Breitling,5095.0,Steel and Rose Gold,UB2030121B1A1,New,/static/images/watches/breitling_chronomat.png
5,Rolex Day-Date 36 Yellow Gold 18238 Onyx Arabic Diamond Dial,Rolex,44995.0,Yellow Gold,18238,Used,/static/images/watches/rolex_daydate.png
6,Pre-Owned Tudor Black Bay Chrono 79363N Steel & Gold,Tudor,6995.0,Steel and Gold,M79363N-0007,Used,/static/images/watches/tudor_blackbay.png
7,Used Lady Rolex Datejust 79173 Blue Dial,Rolex,7495.0,Steel and Gold,79173,Used,/static/images/watches/rolex_datejust.png
8,Pre-Owned Patek Philippe Calatrava 5119G 18k White Gold,Patek Philippe,15995.0,White Gold,5119G-001,Used,/static/images/watches/default_watch.png
9,Rolex Submariner 16800 Black Aluminum Bezel Insert,Rolex,9995.0,Stainless Steel,16800,Used,/static/images/watches/rolex_submariner.png
10,Used Rolex No Date Submariner Ref 14060 Black,Rolex,10595.0,Stainless Steel,14060,Used,/static/images/watches/rolex_submariner.png
11,Used Cartier Ballon Bleu Stainless Steel,Cartier,8295.0,Stainless Steel,W4BB0023,Used,/static/images/watches/cartier_dress.png
12,Used Rolex Datejust 36 Black Dial 116200,Rolex,7495.0,Stainless Steel,116200,Used,/static/images/watches/rolex_datejust.png
13,Pre-Owned Steel Rolex Datejust 41 Ref 126300 White Dial,Rolex,10295.0,Stainless Steel,126300,Used,/static/images/watches/rolex_datejust.png
14,Pre-Owned Rolex Sea-Dweller Deepsea 136660B James Cameron,Rolex,17295.0,Stainless Steel,136660B,Used,/static/images/watches/rolex_datejust.png
15,Vintage Rolex GMT-Master Reference 1675 Pepsi Rivet Bracelet,Rolex,17995.0,Stainless Steel,1675,Used,/static/images/watches/rolex_gmt.png
16,Pre-Owned Patek Philippe Neptune 5081J Yellow Gold,Patek Philippe,25995.0,Yellow Gold,5081J-001,Used,/static/images/watches/default_watch.png
17,Pre-Owned Rolex Lady Datejust Ivory Pyramid Dial 79173,Rolex,8995.0,Steel and Gold,79173,Used,/static/images/watches/rolex_datejust.png
18,Pre-Owned Rolex Yacht-Master II White Gold 116689,Rolex,32995.0,White Gold,116689,Used,/static/images/watches/rolex_yachtmaster.png
19,Pre-Owned Rolex Day Date II ref 218238 Champagne Roman Dial,Rolex,39495.0,Yellow Gold,218238,Used,/static/images/watches/rolex_datejust.png
20,Pre-Owned Lady Rolex Datejust Ref 69173 Diamond Dial,Rolex,6595.0,Steel and Gold,69173,Used,/static/images/watches/rolex_datejust.png
21,Pre-Owned Zombie Rolex GMT-Master II Ref 126713GRNR,Rolex,22795.0,Steel and Gold,126713GRNR,Used,/static/images/watches/rolex_gmt.png
22,Pre-Owned Rolex Lady Datejust 178274 White Roman Dial,Rolex,14995.0,Stainless Steel,179384,Used,/static/images/watches/rolex_datejust.png
23,Pre-Owned Root Beer Rolex GMT-Master II Two Tone 126711CHNR,Rolex,20495.0,Steel and Rose Gold,126711CHNR,Used,/static/images/watches/rolex_gmt.png
24,Pre-Owned Rolex Submariner 116618LB Blue Dial,Rolex,34495.0,Yellow Gold,116618,Used,/static/images/watches/rolex_submariner.png
25,Used Rolex Daytona Ref 116500 Black Dial,Rolex,26595.0,Stainless Steel,116500LN,Used,/static/images/watches/rolex_daytona.png
26,Pre-Owned Patek Philippe Calatrava Charcoal Gray Dial,Patek Philippe,42995.0,White Gold,5226G-001,Used,/static/images/watches/default_watch.png
27,Pre-Owned Audemars Piguet Royal Oak Offshore Selfwinding Chronograph Anthracite Dial,Audemars Piguet,52995.0,Rose Gold,26238OK.OO.A002CA.01,Used,/static/images/watches/ap_royaloak.png
28,Used Rolex GMT-Master II Ref 126710BLNR Batgirl,Rolex,20295.0,Stainless Steel,126710BLNR,Used,/static/images/watches/rolex_gmt.png
29,Pre-Owned Rolex Lady Datejust 69173 Blue Dial,Rolex,6195.0,Steel and Gold,69173,Used,/static/images/watches/rolex_datejust.png
30,Pre-Owned Rolex Cellini 6663 18k Yellow Gold,Rolex,18995.0,Yellow Gold,6663,Used,/static/images/watches/rolex_datejust.png
31,Pre-Owned Lady Rolex Datejust 69173 Black Tapestry Dial,Rolex,6795.0,Steel and Gold,69173,Used,/static/images/watches/rolex_datejust.png
32,Used Rolex GMT-Master II Pepsi 126710BLRO Jubilee Band,Rolex,28995.0,Stainless Steel,126710BLRO,Used,/static/images/watches/rolex_gmt.png
33,Aquis Date Green Dial Calibre 400,Oris,2095.0,Stainless Steel,01 400 7769 4127-07 4 22 77FC,New,/static/images/watches/default_watch.png
34,Pre-Owned Rolex Yacht-Master II White Dial 116680 Blue Bezel,Rolex,17995.0,Stainless Steel,116680WAO,Used,/static/images/watches/rolex_yachtmaster.png
35,Used Omega Seamaster Planet Ocean 600M Orange Bezel,Omega,7995.0,Stainless Steel,215.30.46.51.99.001,Used,/static/images/watches/omega_seamaster.png
36,Pre-Owned Chronomat Automatic GMT 40 NFL Miami Dolphins Edition,Breitling,6995.0,Stainless Steel,A32398B11L1A1,Used,/static/images/watches/breitling_chronomat.png
37,Pre-Owned Black Dial Rolex Submariner 114060LN,Rolex,12595.0,Stainless Steel,114060,Used,/static/images/watches/rolex_submariner.png
38,Rolex Sky-Dweller Ref 326235 Chocolate Dial,Rolex,36995.0,Rose Gold,326235,Used,/static/images/watches/rolex_skydweller.png
39,Used Tudor Heritage Black Bay Ref 79030B Blue,Tudor,3995.0,Stainless Steel,TUD79030B-0001,Used,/static/images/watches/tudor_blackbay.png
40,Rolex Day-Date 118208 Yellow Gold Oyster,Rolex,21995.0,Yellow Gold,118208,Used,/static/images/watches/rolex_daydate.png
41,Breitling Navitimer Automatic 35 Stainless Steel Blue Dial,Breitling,3995.0,Stainless Steel,A17395161C1A1,Used,/static/images/watches/breitling_navitimer.png
42,Used Stainless Steel Rolex Submariner 14060M Black Dial,Rolex,12595.0,Stainless Steel,14060M,Used,/static/images/watches/rolex_submariner.png
43,Breitling Steel Superocean Heritage B20 Automatic 42 Blue Dial,Breitling,3995.0,Stainless Steel,AB2010161C1S1,New,/static/images/watches/breitling_chronomat.png
44,Rolex Day-Date Ref 1803 White Dial,Rolex,19495.0,Yellow Gold,1803,Used,/static/images/watches/rolex_daydate.png
45,Pre-Owned No Date Dial Rolex Submariner 124060LN,Rolex,14495.0,Stainless Steel,124060,Used,/static/images/watches/rolex_submariner.png
46,Pre-Owned Batgirl Rolex GMT-Master II ref 126710BLNR Jubilee Bracelet,Rolex,19995.0,Stainless Steel,126710BLNR,Used,/static/images/watches/rolex_gmt.png
47,Pre-Owned Rolex GMT-Master II Pepsi 126710BLRO Jubilee Band,Rolex,28595.0,Stainless Steel,126710BLRO,Used,/static/images/watches/rolex_gmt.png
48,Used Rolex GMT-Master II Pepsi 16710,Rolex,14995.0,Stainless Steel,16710,Used,/static/images/watches/rolex_gmt.png
49,Used Omega Seamaster Diver 300M Blue Wave Dial,Omega,4995.0,Stainless Steel,210.30.42.20.03.001,Used,/static/images/watches/omega_seamaster.png
50,Used Tudor Black Bay Ref 79230R Red Bezel,Tudor,3695.0,Stainless Steel,79230R,Used,/static/images/watches/tudor_blackbay.png
51,Used Rolex Daytona Ref 116509 Blue Dial,Rolex,49495.0,White Gold,116509,Used,/static/images/watches/rolex_daytona.png
52,Oris Aquis Date Taste of Summer Red Dial,Oris,1595.0,Stainless Steel,01 733 7787 4138-07 8 22 04PEB,New,/static/images/watches/default_watch.png
53,Pre-Owned Rolex Sea-Dweller Ref 16600 Black Dial,Rolex,10595.0,Stainless Steel,16600,Used,/static/images/watches/rolex_datejust.png
54,Used Rolex Datejust 36 Steel 16220 Silver Dial,Rolex,6595.0,Stainless Steel,16220,Used,/static/images/watches/rolex_datejust.png
55,Pre-Owned Rolex Submariner Ref 126619 Cookie Monster,Rolex,38995.0,White Gold,126619LB,Used,/static/images/watches/rolex_submariner.png
56,Grand Seiko Sport Collection SBGM247 Green Dial,Grand Seiko,4495.0,Stainless Steel,SBGM247,Used,/static/images/watches/grandseiko_sport.png
57,Oris Aquis Date Taste of Summer Green Dial,Oris,1595.0,Stainless Steel,01 733 7787 4137-07 8 22 04PEB,New,/static/images/watches/default_watch.png
58,Used Rolex Yacht-Master II Ref 116681 White Dial,Rolex,23495.0,Steel and Rose Gold,116681,Used,/static/images/watches/rolex_yachtmaster.png
59,Used Rolex Datejust 41 Ref 126334 Slate Wimbledon Dial,Rolex,17295.0,Stainless Steel,126334,Used,/static/images/watches/rolex_datejust.png
60,Pre-Owned Rolex Cosmograph Daytona 126519 Steel Dial,Rolex,54995.0,White Gold,126519,Used,/static/images/watches/rolex_daytona.png
61,Pre-Owned Rolex Datejust 41 126334 Mother of Pearl Diamond Dial,Rolex,16595.0,Stainless Steel,126334BLDO,Used,/static/images/watches/rolex_datejust.png
62,Used Rolex Comsograph Daytona 116500 Stainless Steel,Rolex,31495.0,Stainless Steel,116500,Used,/static/images/watches/rolex_daytona.png
63,Pre-Owned Rolex Stainless Steel Submariner 124060 No Date Dial,Rolex,14895.0,Stainless Steel,124060,Used,/static/images/watches/rolex_submariner.png
64,Pre-Owned Rolex Sea-Dweller Deepsea Ref 116660 Black Dial,Rolex,11595.0,Stainless Steel,116660,Used,/static/images/watches/rolex_datejust.png
65,Pre-Owned Rolex Datejust 36 Ref 16013 Champagne Tapestry Dial,Rolex,6595.0,Steel and Gold,16013,Used,/static/images/watches/rolex_datejust.png
66,Pre-Owned White Chronograph Dial Rolex Daytona 126500,Rolex,38495.0,Stainless Steel,126500,Used,/static/images/watches/rolex_daytona.png
67,Pre-Owned Rolex Submariner 126613LB Blue Chromalight Dial,Rolex,19895.0,Steel and Gold,126613BLSO,Used,/static/images/watches/rolex_submariner.png
68,Pre-Owned Rolex Explorer 36 Ref 124270 Stainless Steel,Rolex,9495.0,Stainless Steel,124270,Used,/static/images/watches/rolex_datejust.png
69,Pre-Owned Rolex Datejust 41 Ref 126333 Fluted Motif Champagne Dial,Rolex,18495.0,Steel and Gold,126333,Used,/static/images/watches/rolex_datejust.png
70,Used Steel Rolex Submariner 124060 No Date Dial,Rolex,14995.0,Stainless Steel,124060,Used,/static/images/watches/rolex_submariner.png
71,Pre-Owned White Dial Rolex Daytona 116520,Rolex,21995.0,Stainless Steel,116520,Used,/static/images/watches/rolex_daytona.png
72,Pre-Owned Rolex Daytona 116515 Baguette Diamond Dial,Rolex,49495.0,Rose Gold,116515,Used,/static/images/watches/rolex_daytona.png
73,Pre-Owned Rolex Day-Date 40 Platinum 228206 Meteorite Dial,Rolex,84995.0,Platinum,228206,Used,/static/images/watches/rolex_daydate.png
74,Pre-Owned Rolex GMT-Master II Ref 126718 Black Dial,Rolex,44995.0,Yellow Gold,126718,Used,/static/images/watches/rolex_gmt.png
75,Men's Rolex Sky-Dweller ref 336235 Slate Dial,Rolex,49495.0,Rose Gold,336235,Used,/static/images/watches/rolex_skydweller.png
76,Pre-Owned Rolex Land-Dweller 36 Ref 127234 Oystersteel,Rolex,26995.0,Stainless Steel,127234,Used,/static/images/watches/rolex_datejust.png
77,Used Rolex Milgauss 116400 Black Dial,Rolex,9995.0,Stainless Steel,116400,Used,/static/images/watches/rolex_datejust.png
78,Used Batman Rolex GMT-Master II ref 116710BLNR,Rolex,15995.0,Stainless Steel,116710,Used,/static/images/watches/rolex_gmt.png
79,Pre-Owned Rolex Daytona 116515 Chocolate Arabic Dial,Rolex,35495.0,Rose Gold,116515CHOAR,Used,/static/images/watches/rolex_daytona.png
80,Pre-Owned Breitling Chronomat B01 42 18k Red Gold,Breitling,18495.0,Rose Gold,RB0134101B1S1,Used,/static/images/watches/breitling_chronomat.png
81,Pre-Owned Pepsi Rolex GMT-Master II Steel 16710,Rolex,15995.0,Stainless Steel,16710,Used,/static/images/watches/rolex_gmt.png
82,Pre-Owned Rolex Datejust 31 Ref 178241 Slate Roman Dial,Rolex,11995.0,Steel and Rose Gold,178271,Used,/static/images/watches/rolex_datejust.png
83,Pre-Owned Rolex Lady Datejust 179384 Diamond Dial,Rolex,14995.0,Stainless Steel,179384,Used,/static/images/watches/rolex_datejust.png
84,Pre-Owned Ladies Rolex Datejust 31 ref 6827 18k Yellow Gold,Rolex,12995.0,Yellow Gold,6827,Used,/static/images/watches/rolex_datejust.png
85,Pre-Owned Lady Rolex Oyster Perpetual 67193 Black Diamond Dial,Rolex,6995.0,Steel and Gold,67193,Used,/static/images/watches/rolex_datejust.png
86,Pre-Owned Rolex Day-Date 36 Ref 18248 Barked Finish,Rolex,19995.0,Yellow Gold,18248,Used,/static/images/watches/rolex_daydate.png
87,Pre-Owned Rolex Ladies Datejust 79173 Black Diamond Dial,Rolex,8995.0,Steel and Gold,79173,Used,/static/images/watches/rolex_datejust.png
88,Pre-Owned Rolex Ladies Oyster Perpetual 76080 Silver Dial,Rolex,4495.0,Stainless Steel,76080,Used,/static/images/watches/rolex_datejust.png
89,Pre-Owned Rolex Lady Datejust 69173 Champagne Dial,Rolex,5995.0,Steel and Gold,69173,Used,/static/images/watches/rolex_datejust.png
90,Pre-Owned Rolex GMT-Master II Red & Blue 16710 Pepsi Bezel,Rolex,15495.0,Stainless Steel,16710,Used,/static/images/watches/rolex_gmt.png
91,Pre-Owned Ladies Rolex Datejust Steel & Gold 69173 Diamond Dial,Rolex,6595.0,Steel and Gold,69173,Used,/static/images/watches/rolex_datejust.png
92,Pre-Owned Rolex Cosmograph Daytona 126509 Bright Blue Dial,Rolex,61495.0,White Gold,126509,Used,/static/images/watches/rolex_daytona.png
93,Pre-Owned Rolex Yacht-Master II White Dial ref 116680,Rolex,19495.0,Stainless Steel,116680WAO,Used,/static/images/watches/rolex_yachtmaster.png
94,Used Rolex Oyster Perpetual Ref 126000 Blue Dial,Rolex,9995.0,Stainless Steel,126000,Used,/static/images/watches/rolex_datejust.png
95,Breitling Avenger B01 Chronograph 44 Green Dial Stainless Steel,Breitling,4795.0,Stainless Steel,AB0147101L1A1,Used,/static/images/watches/breitling_chronomat.png
96,Pre-Owned Rolex Oyster Perpetual 36 Ref 116000 Steel Dial,Rolex,9495.0,Stainless Steel,116000,Used,/static/images/watches/rolex_datejust.png
97,Audemars Piguet Royal Oak Offshore 42MM Stainless Steel,Audemars Piguet,23595.0,Stainless Steel,26470ST.OO.A101CR.01,Used,/static/images/watches/ap_royaloak.png
98,Pre-Owned Rolex Datejust 36 ref 16000 Silver Dial,Rolex,5995.0,Stainless Steel,16000,Used,/static/images/watches/rolex_datejust.png
99,Pre-Owned Rolex Oyster Perpetual 41 Silver Dial 124300,Rolex,9495.0,Stainless Steel,124300,Used,/static/images/watches/rolex_datejust.png
100,Pre-Owned Rolex Explorer 36 Stainless Steel 114270 MKI Dial,Rolex,7995.0,Stainless Steel,114270,Used,/static/images/watches/rolex_datejust.png
101,Used 18k White Gold Rolex Submariner 126619LB Cookie Monster,Rolex,37595.0,White Gold,126619LB,Used,/static/images/watches/rolex_submariner.png
102,Pre-Owned Steel Rolex Sea-Dweller 126600 Black Dial,Rolex,15295.0,Stainless Steel,126600,Used,/static/images/watches/rolex_datejust.png
103,Pre-Owned Rolex Yacht-Master 42 Ref 226659 Black Dial,Rolex,29995.0,White Gold,226659,Used,/static/images/watches/rolex_yachtmaster.png
104,Used Two Tone Rolex Sea-Dweller 126603 Black Chromalight Dial,Rolex,17695.0,Steel and Gold,126603,Used,/static/images/watches/rolex_datejust.png
105,Pre-Owned Black Dial Rolex Sea-Dweller 126603,Rolex,17295.0,Steel and Gold,126603,Used,/static/images/watches/rolex_datejust.png
106,Used Rolex Submariner Ref 126613LN Black Dial,Rolex,19295.0,Steel and Gold,126613,Used,/static/images/watches/rolex_submariner.png
107,Pre-Owned Rolex Submariner 16610V Green Kermit,Rolex,16495.0,Stainless Steel,16610V,Used,/static/images/watches/rolex_submariner.png
108,Pre-Owned Ladies Rolex Datejust 31 Ref 278288 Mother of Pearl Diamond Dial,Rolex,64995.0,Yellow Gold,278288,Used,/static/images/watches/rolex_datejust.png
109,Vintage Breitling Navitimer Black Dial,Breitling,5995.0,Stainless Steel,806,Used,/static/images/watches/breitling_navitimer.png
110,Pre-Owned Rolex Datejust 41 Champagne Dial 126333,Rolex,16295.0,Steel and Gold,126333,Used,/static/images/watches/rolex_datejust.png
111,Pre-Owned Rolex Datejust 41 Ref 126333 Wimbledon Roman Dial,Rolex,16295.0,Steel and Gold,126333,Used,/static/images/watches/rolex_datejust.png
112,187396 PL Pre-Owned Rolex Sky-Dweller 326938 Black Dial,Rolex,42495.0,Yellow Gold,326938,Used,/static/images/watches/rolex_skydweller.png
113,"Vintage Rolex Submariner Reference 1680 ""Swiss Only"" Dial",Rolex,9995.0,Stainless Steel,1680,Used,/static/images/watches/rolex_submariner.png
114,Pre-Owned Silver Dial Rolex Datejust 41 Ref 126300,Rolex,10595.0,Stainless Steel,126300,Used,/static/images/watches/rolex_datejust.png
115,Used Rolex GMT-Master II Pepsi 126710BLRO Steel Jubilee Bracelet,Rolex,24495.0,Stainless Steel,126710BLRO,Used,/static/images/watches/rolex_gmt.png
116,Pre-Owned Rolex Datejust 41 Two Tone 126331 Wimbledon Dial,Rolex,17295.0,Steel and Rose Gold,126331,Used,/static/images/watches/rolex_datejust.png
117,187047 Pre-Owned Rolex Submariner 16618 Champagne Serti Dial,Rolex,35495.0,Yellow Gold,16618,Used,/static/images/watches/rolex_submariner.png
118,Pre-Owned Blue Dial Rolex Submariner 16613 Steel & Gold,Rolex,11795.0,Steel and Gold,16613,Used,/static/images/watches/rolex_submariner.png
119,Men's Rolex Sky-Dweller 326934 Blue Index Dial,Rolex,23595.0,Stainless Steel,326934,Used,/static/images/watches/rolex_skydweller.png
120,Used Omega Seamaster Aqua Terra Shades Terracotta Dial,Omega,6195.0,Stainless Steel,220.10.38.20.13.003,Used,/static/images/watches/omega_seamaster.png
121,Used Rolex Oyster Perpetual 34 Lavender Dial 124200 Stainless Steel,Rolex,11995.0,Stainless Steel,124200,Used,/static/images/watches/rolex_datejust.png
122,Grand Seiko Heritage Collection SBGJ259 Green Dial,Grand Seiko,7495.0,Stainless Steel,SBGJ259,Used,/static/images/watches/grandseiko_sport.png
123,Used Yellow Dial Breitling Superocean Automatic 46 Black Steel,Breitling,3995.0,Stainless Steel,M17368D71I1S2,Used,/static/images/watches/breitling_chronomat.png
124,Pre-Owned Rolex Datejust 36 Ref 1601 Silver Pie Pan Dial,Rolex,5995.0,Stainless Steel,1601,Used,/static/images/watches/rolex_datejust.png
125,Pre-Owned Rolex Datejust 36 Ref 1603 Silver Pie Pan Dial,Rolex,5995.0,Stainless Steel,1603,Used,/static/images/watches/rolex_datejust.png
126,Used Rolex Datejust 36 Stainless Steel 16014 Silver Linen Dial,Rolex,6795.0,Stainless Steel,16014,Used,/static/images/watches/rolex_datejust.png
127,Used Steel Rolex Datejust 36 Silver Dial 16220,Rolex,6995.0,Stainless Steel,16220,Used,/static/images/watches/rolex_datejust.png
128,Pre-Owned Silver Dial Rolex Datejust 36 ref 16234 Stainless Steel,Rolex,6995.0,Stainless Steel,16234,Used,/static/images/watches/rolex_datejust.png
129,Pre-Owned Steel & Gold Rolex Datejust 36 ref 16013 Champagne Dial,Rolex,6595.0,Steel and Gold,16013,Used,/static/images/watches/rolex_datejust.png
130,Used Rolex GMT-Master II Ref 126718 Yellow Gold,Rolex,45995.0,Yellow Gold,126718,Used,/static/images/watches/rolex_gmt.png
131,Used Rolex Datejust Ref 126231 Slate Dial,Rolex,16595.0,Steel and Rose Gold,126231,Used,/static/images/watches/rolex_datejust.png
132,Pre-Owned Rolex Datejust 36 Ref 116234 Blue Jubilee Dial,Rolex,8595.0,Stainless Steel,116234,Used,/static/images/watches/rolex_datejust.png
133,Pre-Owned Silver Dial Rolex Datejust 41 Steel 126300,Rolex,10995.0,Stainless Steel,126300,Used,/static/images/watches/rolex_datejust.png
134,Pre-Owned Rolex Datejust 36 Ref 126231 Mother of Pearl Dial,Rolex,17495.0,Steel and Rose Gold,126231,Used,/static/images/watches/rolex_datejust.png
135,Pre-Owned Rolex Datejust 41 ref 126331 Chocolate Diamond Dial,Rolex,16995.0,Steel and Rose Gold,126331,Used,/static/images/watches/rolex_datejust.png
136,Pre-Owned Blue Diamond Dial Rolex Datejust 36 Ref 126234,Rolex,15995.0,Stainless Steel,126234,Used,/static/images/watches/rolex_datejust.png
137,Used Rolex Date 15010 Black Dial,Rolex,5495.0,Stainless Steel,15010,Used,/static/images/watches/rolex_datejust.png
138,Pre-Owned Rolex Date 15000 White Arabic Dial,Rolex,4795.0,Stainless Steel,15000,Used,/static/images/watches/rolex_datejust.png
139,Used Silver Dial Rolex Date Ref 1500,Rolex,4595.0,Stainless Steel,1500,Used,/static/images/watches/rolex_datejust.png
140,Used Rolex Submariner Black Chromalight Dial 126610LN Steel Oyster,Rolex,16295.0,Stainless Steel,126610,Used,/static/images/watches/rolex_submariner.png
141,Pre-Owned Stee Rolex Date 15010 Silver Dial,Rolex,5495.0,Stainless Steel,15010,Used,/static/images/watches/rolex_datejust.png
142,Pre-Owned Rolex Date 15223 Silver Dial,Rolex,6995.0,Steel and Gold,15223,Used,/static/images/watches/rolex_datejust.png
143,Pre-Owned Tudor Black Bay 41 Ceramic Case 79210 Blue Dial,Tudor,4795.0,Ceramic,M79210CNU-0007,Used,/static/images/watches/tudor_blackbay.png
144,Pre-Owned Grand Seiko Heritage Collection SBGA469 Blue Dial,Grand Seiko,4695.0,Stainless Steel,SBGA469,Used,/static/images/watches/grandseiko_sport.png
145,Pre-Owned IWC Pilot's Watch Chronograph 41 TOP GUN Oceana IW389404,IWC,9595.0,Ceramic,IW389404,Used,/static/images/watches/iwc_pilot.png
146,Pre-Owned Rolex Sea-Dweller Deepsea 116660B James Cameron,Rolex,14295.0,Stainless Steel,116660,Used,/static/images/watches/rolex_datejust.png
147,Used Omega Seamaster Planet Ocean 600M Ultra Deep O‑MEGASTEEL on Rubber,Omega,10595.0,Stainless Steel,215.32.46.21.03.001,Used,/static/images/watches/omega_seamaster.png
148,Breitling Blue Dial Superocean Heritage B20 Automatic 42,Breitling,3995.0,Stainless Steel,AB2010161C1A1,New,/static/images/watches/breitling_chronomat.png
149,Breitling Navitimer Automatic 35 Copper Dial,Breitling,3195.0,Stainless Steel,A17395201K1P1,Used,/static/images/watches/breitling_navitimer.png
150,Pre-Owned Black Dial Tudor Black Bay Pro Ref 79470,Tudor,3895.0,Stainless Steel,79470,Used,/static/images/watches/tudor_blackbay.png
151,Rolex Day-Date 40 228345 Eisenkiesel Diamond Dial,Rolex,77995.0,Rose Gold,228345,Used,/static/images/watches/rolex_daydate.png
152,Breitling Avenger B01 Chronograph 44 Night Mission Black Ceramic,Breitling,5895.0,Ceramic,SB0147101B1X1,New,/static/images/watches/breitling_chronomat.png
153,Pre-Owned Rolex Daytona Ref 126505 Chocolate Dial,Rolex,63995.0,Rose Gold,126505,Used,/static/images/watches/rolex_daytona.png
154,Men's Omega Speedmaster 57 Black Dial,Omega,7995.0,Stainless Steel,332.12.41.51.01.001,Used,/static/images/watches/omega_speedmaster.png
155,Pre-Owned Rolex Daytona 116528 Mother of Pearl Roman Dial,Rolex,44995.0,Yellow Gold,116528,Used,/static/images/watches/rolex_daytona.png
156,Used Rolex Submariner 116613LN Black Dial,Rolex,15995.0,Steel and Gold,116613,Used,/static/images/watches/rolex_submariner.png
157,Pre-Owned Rolex Submariner 116613LN Black Dial,Rolex,16295.0,Steel and Gold,116613,Used,/static/images/watches/rolex_submariner.png
158,Pre-Owned Rolex Daytona 126509 Black Chronograph Dial,Rolex,54995.0,White Gold,126509,Used,/static/images/watches/rolex_daytona.png
159,Pre-Owned Rolex Yacht-Master 40 Ref 16623 Blue Dial,Rolex,12595.0,Steel and Gold,16623,Used,/static/images/watches/rolex_yachtmaster.png
160,Pre-Owned Cartier Roadster Chronograph W62042Y5 Rose Gold,Cartier,19995.0,Rose Gold,W62042Y5,Used,/static/images/watches/cartier_dress.png
161,Pre-Owned Coke Rolex GMT-Master II Stainless Steel 16710,Rolex,14995.0,Stainless Steel,16710,Used,/static/images/watches/rolex_gmt.png
162,Pre-Owned Steel Omega Speedmaster Silver Snoopy Award,Omega,16495.0,Stainless Steel,310.32.42.50.02.001,Used,/static/images/watches/omega_speedmaster.png
163,Pre-Owned Rolex Ladies Datejust 69178 Champagne Diamond Dial,Rolex,11995.0,Yellow Gold,69178,Used,/static/images/watches/rolex_datejust.png
164,Pre-Owned Rolex Submariner 16613 Two Tone,Rolex,13295.0,Steel and Gold,16613,Used,/static/images/watches/rolex_submariner.png
165,Used Silver Dial Omega Speedmaster Racing,Omega,4395.0,Stainless Steel,326.30.40.50.02.001,Used,/static/images/watches/omega_speedmaster.png
166,Breitling Bentley Supersports Chronograph,Breitling,5995.0,Titanium,E27365,Used,/static/images/watches/breitling_chronomat.png
167,Pre-Owned Rolex Sky-Dweller Black Dial 336933 Oyster Bracelet,Rolex,24995.0,Steel and Gold,336933,Used,/static/images/watches/rolex_skydweller.png
168,Pre-Owned Rolex GMT-Master II ref 116718 Green Dial,Rolex,44995.0,Yellow Gold,116718,Used,/static/images/watches/rolex_gmt.png
169,Omega Constellation Steel & Yellow Gold Green Dial,Omega,9195.0,Steel and Gold,131.23.41.21.10.001,Used,/static/images/watches/omega_constellation.png
170,Oris Aquis Date Stainless Steel Green Dial,Oris,2195.0,Stainless Steel,01 400 7769 4157-07 8 22 09PEB,Used,/static/images/watches/default_watch.png
171,Pre-Owned Blue Dial Rolex Submariner 116613LB,Rolex,16495.0,Steel and Gold,116613,Used,/static/images/watches/rolex_submariner.png
172,Rolex Yacht-Master 40 Yellow Gold 16628 Champagne Dial,Rolex,26995.0,Yellow Gold,16628,Used,/static/images/watches/rolex_yachtmaster.png
173,Breitling Navitimer Automatic 41 Stainless Steel Blue Dial,Breitling,3895.0,Stainless Steel,A17326161C1A1,New,/static/images/watches/breitling_navitimer.png
174,Used Rolex Submariner Steel & Gold 126613LN Black Dial,Rolex,19295.0,Steel and Gold,126613,Used,/static/images/watches/rolex_submariner.png
175,IWC Portugieser Automatic IW500702 Grey Dial,IWC,17795.0,Rose Gold,IW500702,Used,/static/images/watches/iwc_pilot.png
176,Used Cartier Tank Americaine W2605856 Yellow Gold,Cartier,6295.0,Yellow Gold,W2605856,Used,/static/images/watches/cartier_dress.png
177,Pre-Owned Rolex Datejust 41 Ref 126333 Champagne Diamond Dial,Rolex,16295.0,Steel and Gold,126333,Used,/static/images/watches/rolex_datejust.png
178,Pre-Owned Tudor Heritage Black Bay Bronze 79250BA Leather Strap,Tudor,3995.0,Bronze,79250BA,Used,/static/images/watches/tudor_blackbay.png
179,Used Lady Rolex Yellow Gold Datejust 6917 Champagne Dial,Rolex,9995.0,Yellow Gold,6917,Used,/static/images/watches/rolex_datejust.png
180,Used Bruce Wayne Rolex GMT-Master II ref 126710GRNR,Rolex,22595.0,Stainless Steel,126710GRNR,Used,/static/images/watches/rolex_gmt.png
181,Pre-Owned Rolex Datejust 36 ref 16220 Stainless Steel,Rolex,6295.0,Stainless Steel,16220,Used,/static/images/watches/rolex_datejust.png
182,Pre-Owned Black Dial Rolex Submariner 116613LN,Rolex,16295.0,Steel and Gold,116613LN,Used,/static/images/watches/rolex_submariner.png
183,Pre-Owned White Dial Omega Seamaster Stainless Steel,Omega,5495.0,Stainless Steel,210.32.42.20.04.001,Used,/static/images/watches/omega_seamaster.png
184,Pre-Owned Two Tone Omega Seamaster Black Wave Dial,Omega,7095.0,Steel and Rose Gold,210.22.42.20.01.002,Used,/static/images/watches/omega_seamaster.png
185,Pre-Owned Rolex Datejust 126300 Blue Dial,Rolex,9595.0,Stainless Steel,126300BLRO,Used,/static/images/watches/rolex_datejust.png
186,Used IWC Pilot’s Watch Chronograph 41 IW388101 Blue Dial,IWC,5595.0,Stainless Steel,IW388101,Used,/static/images/watches/iwc_pilot.png
187,Used Grand Seiko Heritage Collection SBGH295 Blue Dial,Grand Seiko,5995.0,Stainless Steel,SBGH295,Used,/static/images/watches/grandseiko_sport.png
188,Pre-Owned Tudor Black Bay 58 Blue Dial 79030B,Tudor,3795.0,Stainless Steel,M79030B-0001,Used,/static/images/watches/tudor_blackbay.png
189,Used Rolex No Date Submariner 14060 Black Superluminova Dial,Rolex,12595.0,Stainless Steel,14060,Used,/static/images/watches/rolex_submariner.png
190,Used Rolex Datejust 36 ref 126231 White Roman Dial,Rolex,15495.0,Steel and Rose Gold,126231,Used,/static/images/watches/rolex_datejust.png
191,Pre-Owned Rolex Daytona 126503 Black Chronograph Dial,Rolex,26995.0,Steel and Gold,126503,Used,/static/images/watches/rolex_daytona.png
192,Breitling Super Chronomat B01 44 Anthracite Dial,Breitling,7095.0,Titanium,EB0136251M1S1,New,/static/images/watches/breitling_chronomat.png
193,Omega Seamaster Stainless Steel on Rubber Diver 300M,Omega,5995.0,Stainless Steel,210.32.42.20.06.002,Used,/static/images/watches/omega_seamaster.png
194,Pre-Owned Omega Seamaster 2599.80.00 Blue Dial James Bond,Omega,3695.0,Stainless Steel,2599.80.00,Used,/static/images/watches/omega_seamaster.png
195,Pre-Owned OMEGA Seamaster Diver 300M Summer Blue Wave Dial,Omega,6195.0,Stainless Steel,210.30.42.20.03.003,Used,/static/images/watches/omega_seamaster.png
196,Pre-Owned Omega Speedmaster Super Racing Black Dial,Omega,9995.0,Stainless Steel,329.30.44.51.01.003,Used,/static/images/watches/omega_speedmaster.png
197,Used Omega Seamaster Planet Ocean 600M Green Ceramic Bezel,Omega,8595.0,Stainless Steel,215.32.46.51.06.001,Used,/static/images/watches/omega_seamaster.png
198,Pre-Owned Rolex Ladies Cellini Danaos 6229 Yellow Gold,Rolex,6495.0,Yellow Gold,6229,Used,/static/images/watches/rolex_datejust.png
199,Used Lady Rolex Date 69160 Silver Dial,Rolex,4295.0,Stainless Steel,69160,Used,/static/images/watches/rolex_datejust.png
200,Used Lady Rolex Datejust 69178 Champagne Dial,Rolex,11495.0,Yellow Gold,69178,Used,/static/images/watches/rolex_datejust.png
201,Pre-Owned Lady Rolex Datejust 6917 Silver Sigma Dial,Rolex,9995.0,Yellow Gold,6917,Used,/static/images/watches/rolex_datejust.png
202,Pre-Owned Ladies Rolex Datejust 69173 Black Pyramid Dial,Rolex,6995.0,Steel and Gold,69173,Used,/static/images/watches/rolex_datejust.png
203,Pre-Owned Steel Rolex Date 15200 Silver Dial,Rolex,5595.0,Stainless Steel,15200,Used,/static/images/watches/rolex_datejust.png
204,Pre-Owned Two Tone Rolex Datejust 36 Ref 16233 Diamond Dial,Rolex,7995.0,Steel and Gold,16233,Used,/static/images/watches/rolex_datejust.png
205,Pre-Owned Rolex Datejust 36 Stainless Steel 16014 Silver Dial,Rolex,6995.0,Stainless Steel,16014,Used,/static/images/watches/rolex_datejust.png
206,Pre-Owned Rolex Submariner 16613 Steel Serti Dial,Rolex,14595.0,Steel and Gold,16613,Used,/static/images/watches/rolex_submariner.png
207,Used Rolex Submariner 16613T No Holes Case Bluesy,Rolex,13595.0,Steel and Gold,16613,Used,/static/images/watches/rolex_submariner.png
208,Pre-Owned Rolex Submariner 16613 Blue Luminova Dial,Rolex,13595.0,Steel and Gold,16613,Used,/static/images/watches/rolex_submariner.png
209,Used Omega Constellation Silver Textured Dial,Omega,1895.0,Steel and Gold,1212.30.00,Used,/static/images/watches/omega_constellation.png
210,Used Rolex Yacht-Master 40 ref 16622 Platinum Dial,Rolex,10995.0,Stainless Steel,16622,Used,/static/images/watches/rolex_yachtmaster.png
211,Tudor Prince Oysterdate 74034 Silver Dial,Tudor,2595.0,Stainless Steel,74034,Used,/static/images/watches/tudor_blackbay.png
212,Rolex Daytona Ref 116518 Black Diamond Dial,Rolex,44495.0,Yellow Gold,116518,Used,/static/images/watches/rolex_daytona.png
213,Pre-Owned Rolex Daytona 126508 Black Diamond Dial,Rolex,62995.0,Yellow Gold,126508,Used,/static/images/watches/rolex_daytona.png
214,Pre-Owned Steel Oyster Rolex Submariner Black Dial 16610,Rolex,10595.0,Stainless Steel,16610,Used,/static/images/watches/rolex_submariner.png
215,Used Rolex Sea-Dweller Ref 126660 Steel Oyster,Rolex,11995.0,Stainless Steel,126660,Used,/static/images/watches/rolex_datejust.png
216,Used Rolex Datejust 41 Ref 126300 Slate Wimbledon Dial,Rolex,11995.0,Stainless Steel,126300,Used,/static/images/watches/rolex_datejust.png
217,Pre-Owned Red Writing Rolex Sea-Dweller ref 126600 Black Dial,Rolex,15295.0,Stainless Steel,126600,Used,/static/images/watches/rolex_datejust.png
218,Pre-Owned Ballon Bleu De Cartier 36 WE900651 White Gold,Cartier,12295.0,White Gold,WE900651,Used,/static/images/watches/cartier_dress.png
219,Pre-Owned Rolex Day-Date 40 Ref 228348 Champagne Diamond Dial,Rolex,63995.0,Yellow Gold,228348,Used,/static/images/watches/rolex_daydate.png
220,Pre-Owned Blue Dial Rolex Datejust II ref 116334,Rolex,11795.0,Stainless Steel,116334,Used,/static/images/watches/rolex_datejust.png
221,Used Steel & Gold Rolex Submariner 116613LN Black Chromalight Dial,Rolex,15995.0,Steel and Gold,116613LN,Used,/static/images/watches/rolex_submariner.png
222,Pre-Owned Rolex Submariner 116613LN Black Chromalight Dial,Rolex,14995.0,Steel and Gold,116613,Used,/static/images/watches/rolex_submariner.png
223,Pre-Owned Blue Dial Rolex Submariner 126613LB Steel & 18k Gold,Rolex,19595.0,Steel and Gold,126613BLSO,Used,/static/images/watches/rolex_submariner.png
224,Used Breitling Superocean Automatic 44 Turquoise Blue Dial,Breitling,4395.0,Stainless Steel,A17376211L2S2,Used,/static/images/watches/breitling_chronomat.png
225,Pre-Owned Rolex Oyster Perpetual 36 ref 126000 Pistachio Dial,Rolex,11995.0,Stainless Steel,126000,Used,/static/images/watches/rolex_datejust.png
226,Pre-Owned Rolex Oyster Perpetual 36 Turquoise Blue Dial 126000,Rolex,16995.0,Stainless Steel,126000,Used,/static/images/watches/rolex_datejust.png
227,Used Men's Rolex Submariner Ref 114060 Stainless Steel,Rolex,12695.0,Stainless Steel,114060,Used,/static/images/watches/rolex_submariner.png
228,Rolex Day-Date President 118206 Silver Dial,Rolex,27495.0,Platinum,118206,Used,/static/images/watches/rolex_daydate.png
229,Used Rolex Air-King 5500 Silver Dial,Rolex,4595.0,Stainless Steel,5500,Used,/static/images/watches/rolex_datejust.png
230,Used Rolex Sky-Dweller 336934 Mint Green Dial,Rolex,29995.0,Stainless Steel,336934,Used,/static/images/watches/rolex_skydweller.png
231,Pre-Owned Breitling Chronomat 44 Raven MB0111 Black Dial,Breitling,5995.0,Stainless Steel,MB0111C2/BD07,Used,/static/images/watches/breitling_chronomat.png
232,Pre-Owned Grand Seiko Sport Collection SBGN023 Black Dial,Grand Seiko,4495.0,Stainless Steel,SBGN023,Used,/static/images/watches/grandseiko_sport.png
233,Used Tudor Royal 28600 Blue Roman Dial,Tudor,2595.0,Stainless Steel,M28600-0005,Used,/static/images/watches/tudor_blackbay.png
234,Used Blue Bezel Tudor Black Bay Ref 79230B Steel on Leather,Tudor,3295.0,Stainless Steel,79230B,Used,/static/images/watches/tudor_blackbay.png
235,Pre-Owned Tudor Black Bay Stainless Steel on Rubber Strap,Tudor,3995.0,Stainless Steel,M7941A1A0RU-0002,Used,/static/images/watches/tudor_blackbay.png
236,Pre-Owned Tudor Heritage Black Bay Steel 79030B Blue Dial,Tudor,3895.0,Stainless Steel,M79030B-0001,Used,/static/images/watches/tudor_blackbay.png
237,Rolex Air-King Ref 5500 Black Dial,Rolex,4595.0,Stainless Steel,5500,Used,/static/images/watches/rolex_datejust.png
238,Used Audemars Piguet Royal Oak Black Dial,Audemars Piguet,18995.0,Stainless Steel,15703ST.OO.A002CA.01,Used,/static/images/watches/ap_royaloak.png
239,Men's Rolex Submariner Ref 116610 Stainless Steel,Rolex,12695.0,Stainless Steel,116610,Used,/static/images/watches/rolex_submariner.png
240,Pre-owned Rolex Milgauss Green Crystal ref 116400V Black Dial,Rolex,13595.0,Stainless Steel,116400V,Used,/static/images/watches/rolex_datejust.png
241,Used IWC Portugieser Perpetual Calender IW503302 5N Gold,IWC,29995.0,Rose Gold,IW503302,Used,/static/images/watches/iwc_pilot.png
242,Pre-Owned Rolex Datejust 36 Rhodium Dial 116200,Rolex,7494.97,Stainless Steel,116200,Used,/static/images/watches/rolex_datejust.png
243,Used Coke Rolex GMT-Master II Stainless Steel 16710,Rolex,14995.0,Stainless Steel,16710,Used,/static/images/watches/rolex_gmt.png
244,Pre-Owned Two Tone Rolex Submariner 16803 Blue Dial,Rolex,11995.0,Steel and Gold,16803,Used,/static/images/watches/rolex_submariner.png
245,Pre-Owned Black Dial Rolex Submariner 16613T No Holes Case,Rolex,14295.0,Steel and Gold,16613,Used,/static/images/watches/rolex_submariner.png
246,Used Rolex Yacht-Master 40 White Dial 16628 18k Yellow Gold,Rolex,26495.0,Yellow Gold,16628,Used,/static/images/watches/rolex_yachtmaster.png
247,Pre-Owned Rolex Oyster Perpetual 34 Blue Dial 124200,Rolex,8495.0,Stainless Steel,124200,Used,/static/images/watches/rolex_datejust.png
248,Pre-Owned Rolex Datejust 36 Silver Dial 116234,Rolex,8495.0,Stainless Steel,116234,Used,/static/images/watches/rolex_datejust.png
249,Used Blue Diamond Dial Rolex Datejust 41 Ref 126334,Rolex,16595.0,Stainless Steel,126334,Used,/static/images/watches/rolex_datejust.png
250,Pre-Owned Rolex Sky-Dweller 326933 White Chromalight Dial,Rolex,20495.0,Steel and Gold,326933,Used,/static/images/watches/rolex_skydweller.png
251,Used Black Dial Rolex Date 15210,Rolex,5795.0,Stainless Steel,15210,Used,/static/images/watches/rolex_datejust.png
252,Pre-Owned Rolex Datejust 36 Champagne Diamond Dial 16233,Rolex,7995.0,Steel and Gold,16233,Used,/static/images/watches/rolex_datejust.png
253,Pre-Owned Rolex Datejust 36 Silver Dial 16030 Stainless Steel,Rolex,6495.0,Stainless Steel,16030,Used,/static/images/watches/rolex_datejust.png
254,Pre-Owned Rolex Submariner Black Dial 16613,Rolex,13595.0,Steel and Gold,16613,Used,/static/images/watches/rolex_submariner.png
255,Used White Polar Rolex Explorer II Ref 16570 Stainless Steel,Rolex,9995.0,Stainless Steel,16570,Used,/static/images/watches/rolex_datejust.png
256,Pre-Owned Black Superluminova Dial Rolex Submariner 16610,Rolex,11595.0,Stainless Steel,16610,Used,/static/images/watches/rolex_submariner.png
257,Pre-Owned Rolex Daytona 116500 Black Chronograph Dial,Rolex,25995.0,Stainless Steel,116500,Used,/static/images/watches/rolex_daytona.png
258,Pre-Owned Rolex Sea-Dweller 126660B D-Blue Dial,Rolex,15495.0,Stainless Steel,126660,Used,/static/images/watches/rolex_datejust.png
259,Used James Cameron Rolex Sea-Dweller 126660B D-Blue Dial,Rolex,15395.0,Stainless Steel,126660,Used,/static/images/watches/rolex_datejust.png
260,Used Rolex Datejust 41 Mint Green Dial 126300,Rolex,12795.0,Stainless Steel,126300,Used,/static/images/watches/rolex_datejust.png
261,Used No Date Dial Rolex Submariner 114060,Rolex,12595.0,Stainless Steel,114060,Used,/static/images/watches/rolex_submariner.png
262,Used Red Writing Rolex Sea-Dweller 126600,Rolex,15995.0,Stainless Steel,126600,Used,/static/images/watches/rolex_datejust.png
263,Pre-Owned Patek Philippe Aquanaut 5064A Stainless Steel,Patek Philippe,34995.0,Stainless Steel,5064A-001,Used,/static/images/watches/default_watch.png
264,Used Jaeger LeCoultre Master Control Chronograph Calendar Q4138420 Silver Dial,Jaeger-LeCoultre,13495.0,Stainless Steel,Q4138420,Used,/static/images/watches/default_watch.png
265,Pre-Owned Audemars Piguet Royal Oak Selfwinding Black Dial,Audemars Piguet,39995.0,Stainless Steel,15500ST.OO.1220ST.03,Used,/static/images/watches/ap_royaloak.png
266,Grand Seiko Heritage Collection SBGX355 White Dial,Grand Seiko,5195.0,Titanium,SBGX355,Used,/static/images/watches/grandseiko_sport.png
267,Pre-Owned IWC Big Pilot’s Watch IW501001 Black Arabic Dial,IWC,9995.0,Stainless Steel,IW501001,Used,/static/images/watches/iwc_pilot.png
268,Used Vacheron Constantin Patrimony ref 25693 Diamond Dial,Vacheron Constantin,9995.0,White Gold,25693,Used,/static/images/watches/default_watch.png
269,Pre-Owned Black Dial Rolex Explorer II Ref 16570,Rolex,8395.0,Stainless Steel,16570,Used,/static/images/watches/rolex_datejust.png
270,Used Rolex Lady Datejust 179238 Diamond Case & Dial,Rolex,22495.0,Yellow Gold,179238,Used,/static/images/watches/rolex_datejust.png
271,Pre-Owned Black Dial Omega Seamaster Aqua Terra 150M,Omega,6495.0,Stainless Steel,220.10.41.21.01.002,Used,/static/images/watches/omega_seamaster.png
272,Pre-Owned Tudor Prince OysterDate 79260 Black Dial,Tudor,5995.0,Stainless Steel,79260,Used,/static/images/watches/tudor_blackbay.png
273,Pre-Owned Tudor Prince 79280 Black Chronograph Dial,Tudor,3995.0,Stainless Steel,79280,Used,/static/images/watches/tudor_blackbay.png
274,Breitling Navitimer B01 Chronograph Blue Index Dial,Breitling,6395.0,Stainless Steel,AB0139241C1P1,Used,/static/images/watches/breitling_navitimer.png
275,Used Rolex Daytona 116519 Steel Dial,Rolex,47995.0,White Gold,116519,Used,/static/images/watches/rolex_daytona.png
276,Breitling Premier B01 Chronograph 42 Cream Dial,Breitling,6395.0,Stainless Steel,AB0145211G1P1,Used,/static/images/watches/breitling_chronomat.png
277,Vintage Ladies Omega Yellow Gold Cocktail,Omega,2995.0,Yellow Gold,Cocktail,Used,/static/images/watches/omega_constellation.png
278,Pre-Owned Rolex Oyster Perpetual 41 Ref 134300 Beige Dial,Rolex,12595.0,Stainless Steel,134300,Used,/static/images/watches/rolex_datejust.png
279,Pre-Owned Rolex GMT-Master II Green Dial Sprite 126729VTNR 18K White Gold,Rolex,51995.0,White Gold,126720,Used,/static/images/watches/rolex_gmt.png
280,"Used IWC Portugieser Chronograph Edition ""150 Years"" IW371601 Blue Dial",IWC,7195.0,Stainless Steel,IW371601,Used,/static/images/watches/iwc_pilot.png
281,Used Black Dial Rolex Explorer II Ref 16570 Steel Oyster,Rolex,9495.0,Stainless Steel,16570,Used,/static/images/watches/rolex_datejust.png
282,Rolex Sky-Dweller 336934 Green Dial,Rolex,27495.0,Stainless Steel,336934,Used,/static/images/watches/rolex_skydweller.png
283,Pre-Owned White Dial Breitling Super Avenger Chronograph,Breitling,3895.0,Stainless Steel,A1337011/A562,Used,/static/images/watches/breitling_chronomat.png
284,Pre-Owned Silver Dial Breitling Navitimer Steel & Gold,Breitling,5995.0,Steel and Gold,D2332212/G534,Used,/static/images/watches/breitling_navitimer.png
285,Pre-Owned Breitling Top Time B01 Deus Black Dial,Breitling,4995.0,Stainless Steel,AB01765A1B1A1,Used,/static/images/watches/breitling_chronomat.png
286,Pre-Owned Breitling Premier Automatic Day & Date 40 Black Dial,Breitling,4995.0,Stainless Steel,A45340241B1X4,Used,/static/images/watches/breitling_chronomat.png
287,Pre-Owned Rolex Submariner 16610 Black Dial,Rolex,10595.0,Stainless Steel,16610,Used,/static/images/watches/rolex_submariner.png
288,Pre-Owned Steel Breitling Navitimer Automatic 41 Silver Dial,Breitling,3995.0,Stainless Steel,A17326211G1P2,Used,/static/images/watches/breitling_navitimer.png
289,Pre-Owned Breitling Chronomat Automatic 36 Ice Blue Diamond Dial,Breitling,11495.0,Stainless Steel,G10380591C1G1,Used,/static/images/watches/breitling_chronomat.png
290,Pre-Owned Yellow Dial Breitling Superocean Automatic 46 Black Steel,Breitling,3995.0,Stainless Steel,M17368D71I1S1,Used,/static/images/watches/breitling_chronomat.png
291,Used Breitling Navitimer Automatic 41 Silver Dial,Breitling,3995.0,Stainless Steel,A17326211G1P2,Used,/static/images/watches/breitling_navitimer.png
292,Used Breitling Avenger B01 Chronograph 42 Night Mission Ceramic,Breitling,5995.0,Ceramic,SB0146101B1X1,Used,/static/images/watches/breitling_chronomat.png
293,Used Breitling Avenger Automatic GMT 44 Night Mission Ceramic,Breitling,4695.0,Ceramic,S32320101B1X1,Used,/static/images/watches/breitling_chronomat.png
294,Used Breitling Superocean Heritage B01 Chronograph 44 Blue Dial,Breitling,5695.0,Stainless Steel,AB0162121C1S1,Used,/static/images/watches/breitling_chronomat.png
295,Pre-Owned Breitling Chronomat Chronograph 44 Blue Dial,Breitling,5795.0,Stainless Steel,AB0115101C1A1,Used,/static/images/watches/breitling_chronomat.png
296,Pre-Owned Breitling Superocean Automatic 44 Turquoise Dial,Breitling,4395.0,Stainless Steel,A17376211L2A1,Used,/static/images/watches/breitling_chronomat.png
297,Pre-Owned Rolex Day-Date 40 Yellow Gold 228238 Champagne Dial,Rolex,43995.0,Yellow Gold,228238,Used,/static/images/watches/rolex_daydate.png
298,IWC Ingenieur Automatic 42 IW338903 Ceramic,IWC,18495.0,Ceramic,IW338903,Used,/static/images/watches/iwc_pilot.png
299,Panerai Luminor Submersible PAM00684 Oro Rosso,Panerai,20495.0,Rose Gold,PAM00684,Used,/static/images/watches/default_watch.png
300,Audemars Piguet Royal Oak Black Ceramic,Audemars Piguet,58595.0,Ceramic,77350CE.OO.1266CE.03.A,Used,/static/images/watches/ap_royaloak.png
301,Used Rolex Day-Date 40 Silver Roman Dial 228238 18k Yellow Gold,Rolex,42495.0,Yellow Gold,228238,Used,/static/images/watches/rolex_daydate.png
302,Men's Rolex Daytona Ref 116520 Black Dial,Rolex,21995.0,Stainless Steel,116520,Used,/static/images/watches/rolex_daytona.png
303,Pre-Owned Two Tone Omega Constellation Champagne Dial,Omega,1695.0,Steel and Gold,1410.10.00,Used,/static/images/watches/omega_constellation.png
304,Pre-Owned Ladies Patek Philippe Twenty-4 Blue Diamond Dial,Patek Philippe,13495.0,Stainless Steel,4910/10A-012,Used,/static/images/watches/default_watch.png
305,Pre-Owned Omega Seamaster Sedna Gold & Steel on Rubber,Omega,7195.0,Steel and Rose Gold,210.22.42.20.01.002,Used,/static/images/watches/omega_seamaster.png
306,Used Cartier Tortue WA503851 Diamond Case,Cartier,12995.0,White Gold,WA503851,Used,/static/images/watches/cartier_dress.png
307,Pre-Owned Ladies Panthere de Cartier WSPN0015 Medium Model,Cartier,5995.0,Stainless Steel,WSPN0015,Used,/static/images/watches/cartier_dress.png
308,Pre-Owned Steel Omega Seamaster Blue Dial,Omega,2795.0,Stainless Steel,2263.80.00,Used,/static/images/watches/omega_seamaster.png
309,Pre-Owned Omega Seamaster Planet Ocean 6000M Matte Black Dial,Omega,8695.0,Stainless Steel,217.30.42.21.01.002,Used,/static/images/watches/omega_seamaster.png
310,Used Rolex Datejust II Stainless Steel 116300 Black Dial,Rolex,9195.0,Stainless Steel,116300,Used,/static/images/watches/rolex_datejust.png
311,Used Rolex Air-King 5500 Black,Rolex,4595.0,Stainless Steel,5500,Used,/static/images/watches/rolex_datejust.png
312,Used White Roman Dial Rolex Date 15210,Rolex,6295.0,Stainless Steel,15210,Used,/static/images/watches/rolex_datejust.png
313,Pre-Owned Silver Dial Rolex Datejust 36 16234,Rolex,6995.0,Stainless Steel,16234,Used,/static/images/watches/rolex_datejust.png
314,Used Rolex Datejust 36 Silver Dial 16014,Rolex,6795.0,Stainless Steel,16014,Used,/static/images/watches/rolex_datejust.png
315,Pre-Owned Rolex Datejust 36 Silver Dial 16014,Rolex,6795.0,Stainless Steel,16014,Used,/static/images/watches/rolex_datejust.png
316,Pre-Owned Silver Dial Rolex Datejust 36 ref 16013,Rolex,7195.0,Steel and Gold,16013,Used,/static/images/watches/rolex_datejust.png
317,Pre-Owned White Polar Rolex Explorer II Ref 16570 Steel Oyster,Rolex,9995.0,Stainless Steel,16570,Used,/static/images/watches/rolex_datejust.png
318,Pre-Owned Two Tone Rolex GMT-Master II Ref 16713 Black Dial,Rolex,13495.0,Steel and Gold,16713,Used,/static/images/watches/rolex_gmt.png
319,Used Steel Rolex Submariner Black Dial 16610,Rolex,10595.0,Stainless Steel,16610,Used,/static/images/watches/rolex_submariner.png
320,Used Rolex No Date Dial Submariner 14060,Rolex,10595.0,Stainless Steel,14060,Used,/static/images/watches/rolex_submariner.png
321,Used Rolex Air-King 116900 Black Arabic Dial,Rolex,8295.0,Stainless Steel,116900,Used,/static/images/watches/rolex_datejust.png
322,Used Steel Rolex Air-King 126900 Black Arabic Dial,Rolex,9195.0,Stainless Steel,126900,Used,/static/images/watches/rolex_datejust.png
323,Used Rolex Datejust 41 Ref 126300 Wimbledon Roman Dial,Rolex,11995.0,Stainless Steel,126300,Used,/static/images/watches/rolex_datejust.png
324,Pre-Owned IWC Pilot's Watch Automatic 41 TOP GUN Mojave Desert IW328106 Ceramic,IWC,7995.0,Ceramic,IW328106,Used,/static/images/watches/iwc_pilot.png
325,Pre-Owned Rolex Submariner Stainless Steel 126610 Black Dial,Rolex,16295.0,Stainless Steel,126610,Used,/static/images/watches/rolex_submariner.png
326,Pre-Owned IWC Portugieser Chronograph IW371624 Dune Arabic Dial,IWC,7995.0,Stainless Steel,IW371624,Used,/static/images/watches/iwc_pilot.png
327,Breitling Avenger B01 Chronograph 44 Beige Dial,Breitling,4595.0,Stainless Steel,AB0147101A1X1,Used,/static/images/watches/breitling_chronomat.png
328,Used Tudor Black Bay 54 Ref 79000 Lagoon Blue,Tudor,5795.0,Stainless Steel,79000,Used,/static/images/watches/tudor_blackbay.png
329,Oris Titanium ProPilot X Pink Dial,Oris,2595.0,Titanium,01 400 7778 7158-07 7 20 01TLC,New,/static/images/watches/default_watch.png
330,Used Lady Rolex Datejust 79178 Mother of Pearl Diamond Dial,Rolex,17595.0,Yellow Gold,79178,Used,/static/images/watches/rolex_datejust.png
331,Pre-Owned Rolex Submariner Steel & Gold 16613 Bluesy,Rolex,13995.0,Steel and Gold,16613,Used,/static/images/watches/rolex_submariner.png
332,Used Ladies Rolex Datejust 31 ref 278274 Pink Diamond Dial,Rolex,13995.0,Stainless Steel,278274,Used,/static/images/watches/rolex_datejust.png
333,Pre-Owned Cartier Santos Galbee Ref W20012C4 Steel & 18k Gold,Cartier,4695.0,Steel and Gold,W20012C4,Used,/static/images/watches/cartier_dress.png
334,Used Rolex Sky-Dweller Steel Oyster 326934 White Dial,Rolex,18595.0,Stainless Steel,326934,Used,/static/images/watches/rolex_skydweller.png
335,Pre-Owned White Gold Rolex Daytona 116509 Steel Dial,Rolex,45995.0,White Gold,116509,Used,/static/images/watches/rolex_daytona.png
336,Pre-Owned White Gold Rolex Daytona 116509 Blue Dial,Rolex,49495.0,White Gold,116509,Used,/static/images/watches/rolex_daytona.png
337,Pre-Owned Rolex Sky-Dweller 326939 Ivory Roman Dial,Rolex,33995.0,White Gold,326939,Used,/static/images/watches/rolex_skydweller.png
338,Pre-Owned Rolex Day-Date 40 Ref 228238 Baguette Diamond Dial,Rolex,48995.0,Yellow Gold,228238,Used,/static/images/watches/rolex_daydate.png
339,Used Rolex Daytona Ref 126500 Panda,Rolex,38695.0,Stainless Steel,126500,Used,/static/images/watches/rolex_daytona.png
340,Omega Constellation Globemaster Blue Dial Steel & Sedna Gold,Omega,10595.0,Steel and Rose Gold,130.20.39.21.03.001,Used,/static/images/watches/omega_constellation.png
341,Pre-Owned Jaeger LeCoultre Master Compressor Extreme Tourbillon ref 150.2.34 Rose Gold,Jaeger-LeCoultre,47995.0,Rose Gold,150.2.34,Used,/static/images/watches/default_watch.png
342,Pre-Owned Vacheron Constantin Overseas 4600V/200A-B980 Blue Dial,Vacheron Constantin,27995.0,Stainless Steel,4600V/200A-B980,Used,/static/images/watches/default_watch.png
343,Pre-Owned Patek Philippe Complications Annual Calendar 5205G White Gold,Patek Philippe,42995.0,White Gold,5205G-001,Used,/static/images/watches/default_watch.png
344,Used Rolex GMT-Master II Yellow Gold 116718 Black Dial,Rolex,39995.0,Yellow Gold,116718,Used,/static/images/watches/rolex_gmt.png
345,Pre-Owned IWC Aquatimer Automatic IW328803 Black Dial,IWC,6495.0,Stainless Steel,IW328803,Used,/static/images/watches/iwc_pilot.png
346,Pre-Owned Blue Dial Omega Seamaster Planet Ocean 600M Titanium,Omega,5295.0,Titanium,232.90.42.21.03.001,Used,/static/images/watches/omega_seamaster.png
347,Pre-Owned Ladies Rolex Datejust 31 Ref 178274 White Roman Dial,Rolex,8294.99,Stainless Steel,178274,Used,/static/images/watches/rolex_datejust.png
348,Pre-Owned Rolex No Date Dial Submariner 14060,Rolex,11995.0,Stainless Steel,14060,Used,/static/images/watches/rolex_submariner.png
349,Pre-Owned Rolex Submariner 16613 Blue Superluminova Dial,Rolex,13995.0,Steel and Gold,16613,Used,/static/images/watches/rolex_submariner.png
350,Pre-Owned Black Dial Rolex Submariner 16613 Two Tone,Rolex,10995.0,Steel and Gold,16613,Used,/static/images/watches/rolex_submariner.png
351,Pre-Owned Rolex Submariner No Holes Case 16613T Black Dial,Rolex,14295.0,Steel and Gold,16613,Used,/static/images/watches/rolex_submariner.png
352,Used Rolex Submariner Bluesy 16613T No Holes Case,Rolex,14595.0,Steel and Gold,16613,Used,/static/images/watches/rolex_submariner.png
353,Pre-Owned Rolex Submariner 16613T No Holes Case,Rolex,14595.0,Steel and Gold,16613,Used,/static/images/watches/rolex_submariner.png
354,Pre-Owned Holes Case Rolex Submariner 16610 Black Dial,Rolex,10595.0,Stainless Steel,16610,Used,/static/images/watches/rolex_submariner.png
355,Pre-Owned Coke Rolex GMT-Master II ref 16710,Rolex,14595.0,Stainless Steel,16710,Used,/static/images/watches/rolex_gmt.png
356,Pre-Owned Rolex Datejust 36 Blue Dial Thunderbird 116264,Rolex,8995.0,Stainless Steel,116264,Used,/static/images/watches/rolex_datejust.png
357,Used White Roman Dial Rolex Datejust 36 ref 16233,Rolex,8395.0,Steel and Gold,16233,Used,/static/images/watches/rolex_datejust.png
358,Pre-Owned Black Dial Rolex Air-King Ref 116900,Rolex,8495.0,Stainless Steel,116900,Used,/static/images/watches/rolex_datejust.png
359,Pre-Owned White Dial Rolex Datejust II ref 116300,Rolex,9995.0,Stainless Steel,116300,Used,/static/images/watches/rolex_datejust.png
360,Pre-Owned Black Dial Rolex Sky-Dweller 326933,Rolex,20495.0,Steel and Gold,326933BKSO,Used,/static/images/watches/rolex_skydweller.png
361,Used Rolex Day-Date 40 Ref 228235 Chocolate Roman Dial,Rolex,51495.0,Rose Gold,228235,Used,/static/images/watches/rolex_daydate.png
362,Used Rolex GMT-Master II Ref 126711 Root Beer,Rolex,20495.0,Steel and Rose Gold,126711CHNR,Used,/static/images/watches/rolex_gmt.png
363,Pre-Owned Men's Rolex Sea-Dweller Ref 126603 Black,Rolex,17495.0,Steel and Gold,126603,Used,/static/images/watches/rolex_datejust.png
364,Pre-Owned Men's Rolex Datejust 41 Ref 126334 Blue Diamond Dial,Rolex,16995.0,Stainless Steel,126334,Used,/static/images/watches/rolex_datejust.png
365,Breitling Avenger B01 Chronograph 44 Night Mission Yellow Dial,Breitling,7495.0,Ceramic,SB0147101I1X1,Used,/static/images/watches/breitling_chronomat.png
366,Pre-Owned Rolex Datejust 36 Ref 116203 Slate Diamond Dial,Rolex,11995.0,Steel and Gold,116203,Used,/static/images/watches/rolex_datejust.png
367,Used Ladies Rolex Datejust 179138 Mother of Pearl Diamond Dial,Rolex,26495.0,Yellow Gold,179138,Used,/static/images/watches/rolex_datejust.png
368,Omega Speedmaster Ref 145.022-76 Stainless Steel,Omega,5995.0,Stainless Steel,145.022,Used,/static/images/watches/omega_speedmaster.png
369,Pre-Owned Rolex Sea-Dweller James Cameron 126660B D-Blue Dial,Rolex,15295.0,Stainless Steel,126660,Used,/static/images/watches/rolex_datejust.png
370,Used Tudor Pelagos Ultra Titanium,Tudor,5495.0,Titanium,M2543C1A7NU-0001,Used,/static/images/watches/tudor_blackbay.png
371,Pre-Owned Black Dial Tudor Pelagos Ultra Titanium,Tudor,5495.0,Titanium,M2543C1A7NU-0001,Used,/static/images/watches/tudor_blackbay.png
372,Pre-Owned Cartier Pasha W31039M7 White Dial,Cartier,2595.0,Stainless Steel,W31039M7,Used,/static/images/watches/cartier_dress.png
373,Pre-Owned Rolex Oyster Perpetual 36 Ref 116000 Domino's Pizza Model,Rolex,9495.0,Stainless Steel,116000,Used,/static/images/watches/rolex_datejust.png
374,Pre-Owned Bruce Wayne Rolex GMT-Master II ref 126710GRNR,Rolex,22795.0,Stainless Steel,126710GRNR,Used,/static/images/watches/rolex_gmt.png
375,Pre-Owned IWC Ingenieur Automatic 40 IW328904 Titanium,IWC,11995.0,Titanium,IW328904,Used,/static/images/watches/iwc_pilot.png
376,Pre-Owned Omega Speedmaster First Omega in Space Blue Grey Dial,Omega,8195.0,Stainless Steel,310.32.40.50.06.002,Used,/static/images/watches/omega_speedmaster.png
377,Used Root Beer Rolex GMT-Master II Ref 126711,Rolex,20995.0,Steel and Rose Gold,126711CHNR,Used,/static/images/watches/rolex_gmt.png
378,Used Tudor Black Bay P01 ref 70150 Stainless Steel,Tudor,2895.0,Stainless Steel,M70150-0001,Used,/static/images/watches/tudor_blackbay.png
379,Pre-Owned Omega Seamaster White Wave Chronograph Dial,Omega,4995.0,Stainless Steel,2598.20.00,Used,/static/images/watches/omega_seamaster.png
380,Pre-Owned Planet Ocean 600M Omega Seamaster Black Dial,Omega,5495.0,Stainless Steel,215.30.44.21.01.001,Used,/static/images/watches/omega_seamaster.png
381,Pre-Owned Steel on Steel Omega Speedmaster Moonwatch Professional,Omega,8295.0,Stainless Steel,310.30.42.50.04.001,Used,/static/images/watches/omega_speedmaster.png
382,Pre-Owned Steel on Rubber Speedmaster Moonwatch Professional,Omega,7895.0,Stainless Steel,310.32.42.50.04.001,Used,/static/images/watches/omega_speedmaster.png
383,Pre-Owned Mother of Pearl Dial Omega Constellation,Omega,1795.0,Stainless Steel,1528.76.00,Used,/static/images/watches/omega_constellation.png
384,Pre-Owned Steel & Red Gold Omega Constellation,Omega,6295.0,Steel and Rose Gold,123.20.31.20.05.001,Used,/static/images/watches/omega_constellation.png
385,Vintage Rolex Submariner Reference 1680,Rolex,10495.0,Stainless Steel,1680,Used,/static/images/watches/rolex_submariner.png
386,Pre-Owned Rolex GMT-Master II Batgirl 126710BLNR Jubilee Band,Rolex,19995.0,Stainless Steel,126710BLNR,Used,/static/images/watches/rolex_gmt.png
387,Oris Aquis Date Calibre 400 Steel on Rubber Strap Green Dial,Oris,1995.0,Stainless Steel,01 400 7769 4157-07 4 22 74FC,New,/static/images/watches/default_watch.png
388,Used Rolex Datejust 41 Mint Green 126300 Steel Oyster,Rolex,12795.0,Stainless Steel,126300,Used,/static/images/watches/rolex_datejust.png
389,Used Hulk Rolex Submariner Green Dial 116610LV,Rolex,23995.0,Stainless Steel,116610LV,Used,/static/images/watches/rolex_submariner.png
390,Oris Aquis Date Stainless Steel Multicolored Dial,Oris,1495.0,Stainless Steel,01 733 7770 4150-Set,New,/static/images/watches/default_watch.png
391,Used Omega Seamaster Aqua Terra 150M Summer Blue Dial,Omega,6495.95,Stainless Steel,220.12.41.21.03.008,Used,/static/images/watches/omega_seamaster.png
392,Pre-Owned Omega Speedmaster Calibre 321 Canopus Gold,Omega,84995.0,White Gold,311.50.39.30.01.001,Used,/static/images/watches/omega_speedmaster.png
393,Pre-Owned Rolex Date 1501 White Roman Dial,Rolex,4995.0,Stainless Steel,1501,Used,/static/images/watches/rolex_datejust.png
394,Rolex Day-Date 40 Ref 228348 Diamond Bezel,Rolex,61695.0,Yellow Gold,228348,Used,/static/images/watches/rolex_daydate.png
395,Used Omega Seamaster Olympic Official Timekeeper Black Dial,Omega,39995.0,Platinum,522.93.40.20.01.001,Used,/static/images/watches/omega_seamaster.png
396,Pre-Owned Rolex Yacht-Master 35 Ref 168622 Platinum Bezel & Dial,Rolex,8995.0,Stainless Steel,168622,Used,/static/images/watches/rolex_yachtmaster.png
397,Pre-Owned Ladies Rolex Datejust 179166 Glacier Blue Diamond Dial,Rolex,19495.0,Platinum,179166,Used,/static/images/watches/rolex_datejust.png
398,Pre-Owned Rolex Sky-Dweller White Dial 336934 Jubilee Bracelet,Rolex,23995.0,Stainless Steel,336934,Used,/static/images/watches/rolex_skydweller.png
399,Pre-Owned Rolex Datejust 36 ref 116234 Steel Roman Dial,Rolex,8995.0,Stainless Steel,116234,Used,/static/images/watches/rolex_datejust.png
400,Pre-Owned Two Tone Rolex Lady Datejust 79163 Slate Roman Dial,Rolex,7495.0,Steel and Gold,79163,Used,/static/images/watches/rolex_datejust.png
401,Used Ladies Rolex Datejust Yellow Gold 69178 Champagne Index Dial,Rolex,10995.0,Yellow Gold,69178,Used,/static/images/watches/rolex_datejust.png
402,Pre-Owned Rolex Datejust 36 Champagne Dial 16013 Steel & Gold,Rolex,7195.0,Steel and Gold,16013,Used,/static/images/watches/rolex_datejust.png
403,Used Steel Rolex Milgauss 116400 White Dial,Rolex,11995.0,Stainless Steel,116400,Used,/static/images/watches/rolex_datejust.png
404,Used Black Dial Rolex Submariner 16610T Steel No Holes Case,Rolex,10795.0,Stainless Steel,16610T,Used,/static/images/watches/rolex_submariner.png
405,Used No Holes Case Rolex Submariner 16613T Blue Dial,Rolex,14595.0,Steel and Gold,16613,Used,/static/images/watches/rolex_submariner.png
406,Used Rolex Submariner 18k Yellow Gold 126618 Blue Dial,Rolex,43495.0,Yellow Gold,126618,Used,/static/images/watches/rolex_submariner.png
407,Calibre de Cartier Diver 42 Ref WSCA0010 Blue Dial,Cartier,7495.0,Stainless Steel,WSCA0010,Used,/static/images/watches/cartier_dress.png
408,Used Omega Seamaster Aqua Terra 150M Green Dial,Omega,5995.0,Stainless Steel,220.10.38.20.10.001,Used,/static/images/watches/omega_seamaster.png
409,IWC Aquatimer Chronograph IW376710 Blue Dial,IWC,4995.0,Stainless Steel,IW376710,Used,/static/images/watches/iwc_pilot.png
410,Breitling Endurance Pro 44 Denver Broncos Edition,Breitling,3995.0,Titanium,E823106A1BHS1,Used,/static/images/watches/breitling_chronomat.png
411,Pre-Owned Jaeger LeCoultre Polaris Q9028480 Blue Dial,Jaeger-LeCoultre,10495.0,Stainless Steel,Q9028480,Used,/static/images/watches/default_watch.png
412,Used Rolex Submariner Two Tone 126613 Black Dial,Rolex,17995.0,Steel and Gold,126613,Used,/static/images/watches/rolex_submariner.png
413,Pre-Owned White Gold Rolex Daytona 116519 Steel Dial,Rolex,46995.0,White Gold,116519,Used,/static/images/watches/rolex_daytona.png
414,Pre-Owned Omega Seamaster Boutique Editions Grey Dial,Omega,6495.0,Stainless Steel,511.13.40.20.02.002,Used,/static/images/watches/omega_seamaster.png
415,Pre-Owned Tudor Black Bay Pro Ref 79470 Steel on NATO Strap,Tudor,3495.0,Stainless Steel,M79470-0002,Used,/static/images/watches/tudor_blackbay.png
416,Patek Philippe 3430 Yellow Gold,Patek Philippe,9995.0,Yellow Gold,3430,Used,/static/images/watches/default_watch.png
417,Used Rolex Oysterdate ref 6694 Silver Dial,Rolex,4595.0,Stainless Steel,6694,Used,/static/images/watches/rolex_datejust.png
418,Pre-Owned Rolex Datejust 36 Ref 16200 Silver Roman Dial,Rolex,6595.0,Stainless Steel,16200,Used,/static/images/watches/rolex_datejust.png
419,Used Rolex Datejust 36 ref 16220 White Roman Dial,Rolex,7395.0,Stainless Steel,16220,Used,/static/images/watches/rolex_datejust.png
420,Used Rolex GMT-Master II Sprite 126720VTNR Jubilee Bracelet,Rolex,17895.0,Stainless Steel,126720,Used,/static/images/watches/rolex_gmt.png
421,Santos De Cartier WSSA0071 Blue Roman Dial,Cartier,8495.0,Stainless Steel,WSSA0071,Used,/static/images/watches/cartier_dress.png
422,Used Black Dial Rolex Day-Date 36 Ref 18038,Rolex,21495.0,Yellow Gold,18038,Used,/static/images/watches/rolex_daydate.png
423,Pre-Owned Rolex Day-Date 36 Ref 18038 Champagne Dial,Rolex,19495.0,Yellow Gold,18038,Used,/static/images/watches/rolex_daydate.png
424,Pre-Owned Two Tone Rolex Submariner 16613 Blue Dial,Rolex,13595.0,Steel and Gold,16613,Used,/static/images/watches/rolex_submariner.png
425,Used Rolex Explorer 36 Ref 14270 Black Dial,Rolex,7195.0,Stainless Steel,14270,Used,/static/images/watches/rolex_datejust.png
426,Used Rolex Datejust II Steel 116300 White Dial,Rolex,9995.0,Stainless Steel,116300,Used,/static/images/watches/rolex_datejust.png
427,Pre-Owned Rolex Datejust 41 ref 126334 Blue Roman Dial,Rolex,12995.0,Stainless Steel,126334,Used,/static/images/watches/rolex_datejust.png
428,Factory Stickered Rolex Milgauss 116400 White Dial,Rolex,12495.0,Stainless Steel,116400,Used,/static/images/watches/rolex_datejust.png
429,Used Rolex Cosmograph Daytona 116503 Champagne Dial,Rolex,18995.0,Steel and Gold,116503,Used,/static/images/watches/rolex_daytona.png
430,Used 40MM Rolex Air-King 116900 Black Dial,Rolex,8494.97,Stainless Steel,116900,Used,/static/images/watches/rolex_datejust.png
431,Used 40MM Rolex Air-King Ref 126900 Black Dial,Rolex,8495.0,Stainless Steel,126900,Used,/static/images/watches/rolex_datejust.png
432,Used Left Handed Sprite Rolex GMT-Master II ref 126720VTNR,Rolex,17795.0,Stainless Steel,126720,Used,/static/images/watches/rolex_gmt.png
433,Pre-Owned Patek Philippe Calatrava 5120J 18k Yellow Gold,Patek Philippe,22495.0,Yellow Gold,5120J-001,Used,/static/images/watches/default_watch.png
434,Tudor Black Bay 79733 Champagne Dial,Tudor,4595.0,Steel and Gold,79733N,Used,/static/images/watches/tudor_blackbay.png
435,Oris Aquis Date Calibre 400 Steel & 18k Yellow Gold,Oris,2695.0,Steel and Gold,01 400 7769 6357-07 4 22 77FC,New,/static/images/watches/default_watch.png
436,Men's Pre-Owned Rolex GMT-Master II Ref 116713 Steel & 18k Gold,Rolex,13695.0,Steel and Gold,116713,Used,/static/images/watches/rolex_gmt.png
437,Used Yellow Gold Rolex Day-Date 40 Ref 228238 White Dial,Rolex,42495.0,Yellow Gold,228238,Used,/static/images/watches/rolex_daydate.png
438,Pre-Owned Rolex Datejust 116201,Rolex,10995.0,Steel and Rose Gold,116201,Used,/static/images/watches/rolex_datejust.png
439,Pre-Owned Cartier Panthere WF3072B9 Diamond Case & Bezel,Cartier,17995.0,Yellow Gold,WF3072B9,Used,/static/images/watches/cartier_dress.png
440,Used Breitling Cockpit B50 Titanium Blue Dial,Breitling,3995.0,Titanium,EB501019/C904,Used,/static/images/watches/breitling_chronomat.png
441,Pre-Owned Breitling Premier B25 Datora 42 18k Red Gold,Breitling,26495.0,Rose Gold,RB2510371G1P1,Used,/static/images/watches/breitling_chronomat.png
442,Used Breitling Superocean Automatic 44 Brown Dial,Breitling,5495.0,Bronze,N17376201Q1S1,Used,/static/images/watches/breitling_chronomat.png
443,Pre-Owned Breitling Colt Stainless Steel Silver Dial,Breitling,2895.0,Stainless Steel,A7438811/G792,Used,/static/images/watches/breitling_chronomat.png
444,Used Breitling Avenger Chronograph 45 Stainless Steel Blue Dial,Breitling,3595.0,Stainless Steel,A13317101C1A1,Used,/static/images/watches/breitling_chronomat.png
445,Used Breitling Endurance Pro 44 Ironman Red Dial,Breitling,2895.0,Breitlight,X823109A1K1S1,Used,/static/images/watches/breitling_chronomat.png
446,Rolex Air-King Stainless Steel 114210 Blue Roman Dial,Rolex,7995.0,Stainless Steel,114210,Used,/static/images/watches/rolex_datejust.png
447,Pre-Owned Pasha De Cartier WJ1050M9 White Gold,Cartier,7995.0,White Gold,WJ1050M9,Used,/static/images/watches/cartier_dress.png
448,Used Santos de Cartier Chronograph WSSA0017 Extra Large Model,Cartier,8495.0,Stainless Steel,WSSA0017,Used,/static/images/watches/cartier_dress.png
449,Used Cartier Tank Solo W5200013 Small Model,Cartier,4295.0,Stainless Steel,W5200013,Used,/static/images/watches/cartier_dress.png
450,Used Panerai Submersible QuarantaQuattro PAM01596 Black Dial,Panerai,9495.0,Stainless Steel,PAM01596,Used,/static/images/watches/default_watch.png
451,Used IWC Aquatimer Chronograph IW376709 Black Dial,IWC,4995.0,Stainless Steel,IW376709,Used,/static/images/watches/iwc_pilot.png
452,Pre-Owned IWC Pilot’s Watch Chronograph TOP GUN IW389101 Black Ceramic,IWC,6795.0,Ceramic,IW389101,Used,/static/images/watches/iwc_pilot.png
453,Factory Stickered Rolex Oyster Perpetual 28 Ref 276200 Domino's Pizza Model,Rolex,6295.0,Stainless Steel,276200,Used,/static/images/watches/rolex_datejust.png
454,Used Rolex Datejust 36 Ref 16233 Champagne Diamond Dial,Rolex,7995.0,Steel and Gold,16233,Used,/static/images/watches/rolex_datejust.png
455,Used Rolex Datejust 36 Blue Dial ref 16013,Rolex,7195.0,Steel and Gold,16013,Used,/static/images/watches/rolex_datejust.png
456,Rolex Datejust 36 Steel 16220 Black Dial,Rolex,7195.0,Stainless Steel,16220,Used,/static/images/watches/rolex_datejust.png
457,Used Rolex Datejust II Black Dial 116334 Stainless Steel,Rolex,10795.0,Stainless Steel,116334,Used,/static/images/watches/rolex_datejust.png
458,Breitling Avenger Automatic 42 Stainless Steel Black Dial,Breitling,3395.0,Stainless Steel,A17328101B1A1,New,/static/images/watches/breitling_chronomat.png
459,Pre-Owned IWC Big Pilot’s Muhammad Ali IW500433 Black Dial,IWC,10495.0,Stainless Steel,IW500433,Used,/static/images/watches/iwc_pilot.png
460,Tudor Black Bay Ref 79230 Ed Sheeran Divide Tour Limited Edition,Tudor,21995.0,Stainless Steel,79230N,Used,/static/images/watches/tudor_blackbay.png
461,Ladies Rolex Datejust Ref 279171 Aubergine Diamond Dial,Rolex,16495.0,Steel and Rose Gold,279171,Used,/static/images/watches/rolex_datejust.png
462,Used Breitling Superocean Blue Arabic Dial,Breitling,3995.0,Stainless Steel,A17366D81C1A1,Used,/static/images/watches/breitling_chronomat.png
463,Used Breitling Aviator 8 Blue Dial,Breitling,3695.0,Stainless Steel,A45330101C1A1,Used,/static/images/watches/breitling_chronomat.png
464,Pre-Owned Rolex Datejust 36 Ref 16233 Champagne,Rolex,7195.0,Steel and Gold,16233,Used,/static/images/watches/rolex_datejust.png
465,Used Two Tone Rolex GMT-Master II Zombie ref 126713GRNR,Rolex,22995.0,Steel and Gold,126713GRNR,Used,/static/images/watches/rolex_gmt.png
466,Pre-Owned Rolex Submariner Steel & Gold Ref 126613 Blue Dial,Rolex,19595.0,Steel and Gold,126613BLSO,Used,/static/images/watches/rolex_submariner.png
467,Used Omega Constellation Globemaster on Leather Strap,Omega,9995.0,Steel and Rose Gold,130.23.41.22.06.001,Used,/static/images/watches/omega_constellation.png
468,Used Rolex Datejust 69178 Champagne Roman Dial,Rolex,10995.0,Yellow Gold,69178,Used,/static/images/watches/rolex_datejust.png
469,Used Rolex Ladies Datejust 69178 Champagne Diamond Dial,Rolex,11995.0,Yellow Gold,69178,Used,/static/images/watches/rolex_datejust.png
470,Vintage Rolex Oysterdate 6694 Silver Linen Dial,Rolex,4595.0,Stainless Steel,6694,Used,/static/images/watches/rolex_datejust.png
471,Pre-Owned Rolex Date 15210 Blue Dial,Rolex,6295.0,Stainless Steel,15210,Used,/static/images/watches/rolex_datejust.png
472,Used Rolex Oyster Precision 6426 Silver Dial,Rolex,4595.0,Stainless Steel,6426,Used,/static/images/watches/rolex_datejust.png
473,Used Rolex Oyster Perpetual 34 Ref 1024 Champagne Dial,Rolex,8995.0,Yellow Gold,1024,Used,/static/images/watches/rolex_datejust.png
474,Used Zenith Movement Rolex Daytona 16520,Rolex,28495.0,Stainless Steel,16520,Used,/static/images/watches/rolex_daytona.png
475,Used No Holes Case Rolex Submariner 16610T,Rolex,10795.0,Stainless Steel,16610T,Used,/static/images/watches/rolex_submariner.png
476,Oris x Bracenet Aquis Green Dial,Oris,1595.0,Stainless Steel,01 733 7730 4137-07 8 24 05PEB,New,/static/images/watches/default_watch.png
477,Used Blue Dial Omega Seamaster Diver 300M 60th Anniversary,Omega,7995.0,Stainless Steel,210.30.42.20.03.002,Used,/static/images/watches/omega_seamaster.png
478,Pre-Owned Panerai Luminor Marina Blu Profondo PAM01157 Blue Dial,Panerai,6995.0,Stainless Steel,PAM01157,Used,/static/images/watches/default_watch.png
479,Oris Aquis Date Green Dial Calibre 400,Oris,1995.0,Stainless Steel,01 400 7763 4157-07 4 24 74EB,New,/static/images/watches/default_watch.png
480,Cartier Pasha Chronograph WSPA0038 Blue Dial,Cartier,7995.0,Stainless Steel,WSPA0038,Used,/static/images/watches/cartier_dress.png
481,Audemars Piguet Millenary 4101 Skeleton Dial,Audemars Piguet,14995.0,Stainless Steel,15350ST.OO.D002CR.01,Used,/static/images/watches/ap_royaloak.png
482,Used Rolex Oyster Precision Ref 6426,Rolex,4595.0,Stainless Steel,6426,Used,/static/images/watches/rolex_datejust.png
483,Used Jaeger LeCoultre Master Ultra Thin Moon Q1368471 Black Dial,Jaeger-LeCoultre,9995.0,Stainless Steel,Q1368471,Used,/static/images/watches/default_watch.png
484,Used Two Tone Rolex Sky-Dweller ref 326933 Black Dial,Rolex,20295.0,Steel and Gold,326933BKSO,Used,/static/images/watches/rolex_skydweller.png
485,Ladies Rolex Cellini White Gold 6671 Blue Dial,Rolex,9495.0,White Gold,6671,Used,/static/images/watches/rolex_datejust.png
486,Pre-Owned Audemars Piguet Promesse Black Dial,Audemars Piguet,8995.0,Stainless Steel,67259ST.ZZ.1156ST.01,Used,/static/images/watches/ap_royaloak.png
487,Pre-Owned Panthere de Cartier WSPN0013 Small Model,Cartier,4795.0,Stainless Steel,WSPN0013,Used,/static/images/watches/cartier_dress.png
488,Pre-Owned Panerai Radiomir 1938 PAM00232 Stainless Steel,Panerai,5795.0,Stainless Steel,PAM00232,Used,/static/images/watches/default_watch.png
489,Pre-Owned Panerai Luminor Base Logo PAM00630 White Dial,Panerai,3895.0,Stainless Steel,PAM00630,Used,/static/images/watches/default_watch.png
490,Pre-Owned Grand Seiko Heritage Collection SBGH273 Blue Dial,Grand Seiko,5495.0,Stainless Steel,SBGH273,Used,/static/images/watches/grandseiko_sport.png
491,Used Rolex Day-Date 36 Ref 18238 Champagne Diamond Dial,Rolex,23995.0,Yellow Gold,18238,Used,/static/images/watches/rolex_daydate.png
492,Used Black Dial Rolex GMT-Master II Steel 116710,Rolex,14995.0,Stainless Steel,116710LN,Used,/static/images/watches/rolex_gmt.png
493,Pre-Owned Rolex GMT-Master II Black & Red 16710 Coke,Rolex,14795.0,Stainless Steel,16710,Used,/static/images/watches/rolex_gmt.png
494,Used Omega Seamaster Steel Planet Ocean 2200.50.00 Black Dial,Omega,3995.0,Stainless Steel,2200.50.00,Used,/static/images/watches/omega_seamaster.png
495,Pre-Owned Cartier Tortue WA504931 Diamond Case,Cartier,9495.0,White Gold,WA504931,Used,/static/images/watches/cartier_dress.png
496,Used Rolex Datejust 41 Ref 126301 Chocolate Diamond Dial,Rolex,16495.0,Steel and Rose Gold,126301,Used,/static/images/watches/rolex_datejust.png
497,Used Rolex Sea-Dweller Steel & 18k Yellow Gold 126603,Rolex,16995.0,Steel and Gold,126603,Used,/static/images/watches/rolex_datejust.png
498,Used Omega Seamaster Planet Ocean Blue Dial,Omega,5495.0,Stainless Steel,215.30.44.21.03.001,Used,/static/images/watches/omega_seamaster.png
499,Used Omega Seamaster Aqua Terra 150M Blue Dial & Strap,Omega,6495.0,Stainless Steel,220.12.41.21.03.005,Used,/static/images/watches/omega_seamaster.png
500,Used Omega De Ville Prestige Black Roman Dial,Omega,1595.0,Stainless Steel,4570.52.00,Used,/static/images/watches/omega_constellation.png
501,Ladies Mini Omega Constellation Grey Dial,Omega,1695.0,Stainless Steel,1561.51.00,Used,/static/images/watches/omega_constellation.png
502,Used Omega Constellation 1312.30.00 Silver Dial,Omega,2195.0,Steel and Gold,1312.30.00,Used,/static/images/watches/omega_constellation.png
503,Used Omega Seamaster Blue Dial Planet Ocean 600M,Omega,9995.0,Steel and Rose Gold,215.23.46.51.03.001,Used,/static/images/watches/omega_seamaster.png
504,Used Omega De Ville Prestige Light Blue Dial,Omega,5795.0,Stainless Steel,434.13.41.21.03.001,Used,/static/images/watches/omega_constellation.png
505,Used Omega Speedmaster Chronoscope Silver Arabic Dial,Omega,7195.0,Stainless Steel,329.30.43.51.02.002,Used,/static/images/watches/omega_speedmaster.png
506,Used Ladies Omega Seamaster Diver 300M Blue Dial,Omega,2195.0,Stainless Steel,2224.80.00,Used,/static/images/watches/omega_seamaster.png
507,Used Black Dial Omega Speedmaster Moonwatch Professional Steel,Omega,7195.0,Stainless Steel,310.32.42.50.01.002,Used,/static/images/watches/omega_speedmaster.png
508,Used Omega Seamaster Diver 300M Steel on Rubber,Omega,4395.0,Stainless Steel,210.32.42.20.06.001,Used,/static/images/watches/omega_seamaster.png
509,Used Omega Seamaster Planet Ocean 300M Blue Dial,Omega,4995.0,Stainless Steel,215.33.40.20.03.001,Used,/static/images/watches/omega_seamaster.png
510,Omega De Ville Tresor Blue Patterned Dial,Omega,4595.0,Stainless Steel,435.13.40.21.03.001,New,/static/images/watches/omega_constellation.png
511,Used Omega Seamaster Blue Dial Stainless Steel,Omega,4295.0,Stainless Steel,2503.80.00,Used,/static/images/watches/omega_seamaster.png
512,Used Omega Black Dial Speedmaster 38 Stainless Steel,Omega,5795.0,Stainless Steel,324.30.38.50.01.001,Used,/static/images/watches/omega_speedmaster.png
513,Used Omega Seamaster Diver Stainless Steel Blue Dial,Omega,5995.0,Stainless Steel,210.30.44.51.03.001,Used,/static/images/watches/omega_seamaster.png
514,Ladies Omega Seamaster Diamond Dial Aqua Terra 150M,Omega,2795.0,Stainless Steel,220.10.28.60.54.001,Used,/static/images/watches/omega_seamaster.png
515,Used Steel Omega Seamaster Black Arabic Dial,Omega,4295.0,Stainless Steel,2200.51.00,Used,/static/images/watches/omega_seamaster.png
516,Omega Speedmaster Racing Matt Grey Dial,Omega,9995.0,Steel and Rose Gold,329.23.44.51.06.001,Used,/static/images/watches/omega_speedmaster.png
517,Used Omega Seamaster Diver 300M Steel & 18k Moonshine Paris 2024,Omega,7395.0,Steel and Gold,522.21.42.20.04.001,Used,/static/images/watches/omega_seamaster.png
518,Pre-Owned Black Dial Omega Speedmaster Moonwatch Chronograph,Omega,6495.0,Stainless Steel,310.32.42.50.01.001,Used,/static/images/watches/omega_speedmaster.png
519,Pre-Owned Omega Seamaster 300M Black Wave Dial,Omega,7995.0,Steel and Rose Gold,210.62.44.20.01.001,Used,/static/images/watches/omega_seamaster.png
520,Used Omega Seamaster Diver 300M Black Dial,Omega,5495.0,Stainless Steel,210.32.42.20.01.001,Used,/static/images/watches/omega_seamaster.png
521,Used Omega Speedmaster Moonwatch Chronograph,Omega,6195.0,Stainless Steel,310.32.42.50.01.001,Used,/static/images/watches/omega_speedmaster.png
522,Used Omega Constellation Aventurine Glass Dial,Omega,12495.0,Stainless Steel,131.15.29.20.53.001,New,/static/images/watches/omega_constellation.png
523,Vintage Yellow Gold Omega Cocktail Champagne Dial,Omega,3795.0,Yellow Gold,,Used,/static/images/watches/omega_constellation.png
524,Used Omega De Ville Prestige Black Dial,Omega,2195.0,Stainless Steel,4574.50.00,Used,/static/images/watches/omega_constellation.png
525,Omega Seamaster Aqua Terra Shades Shell Pink Dial,Omega,6495.0,Stainless Steel,220.10.34.20.10.003,Used,/static/images/watches/omega_seamaster.png
526,OMEGA Stainless Steel De Ville Prestige Silver Diamond Dial,Omega,7995.0,Stainless Steel,434.15.34.20.52.001,Used,/static/images/watches/omega_constellation.png
527,Vintage Omega Speedmaster ref 145.022.00 Stainless Steel,Omega,5595.0,Stainless Steel,145.022.00,Used,/static/images/watches/omega_speedmaster.png
528,Used Omega De Ville Prestige Blue Dial,Omega,4395.0,Stainless Steel,434.10.40.20.03.001,Used,/static/images/watches/omega_constellation.png
529,Used Omega Speedmaster Racing Grey Dial,Omega,6995.0,Stainless Steel,329.30.44.51.06.001,Used,/static/images/watches/omega_speedmaster.png
530,Used Omega Speedmaster '57 Green Dial,Omega,6595.0,Stainless Steel,332.10.41.51.10.001,Used,/static/images/watches/omega_speedmaster.png
531,Used Omega Seamaster Diver 300M Steel on Rubber Strap,Omega,4595.0,Stainless Steel,210.32.42.20.03.001,Used,/static/images/watches/omega_seamaster.png
532,Used Omega Seamaster Stainless Steel on Rubber Diver 300M,Omega,5995.0,Stainless Steel,210.32.42.20.06.002,Used,/static/images/watches/omega_seamaster.png
533,Omega Seamaster Planet Ocean 6000M Ultra Deep White Dial,Omega,9495.0,Stainless Steel,215.32.46.21.04.001,Used,/static/images/watches/omega_seamaster.png
534,Used Titanium Omega Seamaster Planet Ocean 600M Blue Dial,Omega,5295.0,Titanium,232.90.46.21.03.001,Used,/static/images/watches/omega_seamaster.png
535,Omega De Ville Mini Tresor Steel on Blue Toile de Jouy,Omega,4595.0,Stainless Steel,428.17.26.60.04.001,New,/static/images/watches/omega_constellation.png
536,Omega De Ville Mini Tresor Steel on Red Toile de Jouy,Omega,4595.0,Stainless Steel,428.17.26.60.04.003,New,/static/images/watches/omega_constellation.png
537,Omega Constellation Two Tone Blue Diamond Dial,Omega,9595.0,Steel and Gold,131.28.36.20.53.001,New,/static/images/watches/omega_constellation.png
538,Pre-Owned Men's Omega Seamaster Planet Ocean Black Dial,Omega,4695.0,Stainless Steel,232.30.46.21.01.003,Used,/static/images/watches/omega_seamaster.png
539,Pre-Owned Omega Speedmaster Moonphase Black Dial,Omega,7995.0,Stainless Steel,304.33.44.52.01.001,Used,/static/images/watches/omega_speedmaster.png
540,Omega Constellation Yellow Gold on Yellow Gold,Omega,32995.0,Yellow Gold,131.50.39.20.02.002,Used,/static/images/watches/omega_constellation.png
541,Omega De Ville Tresor Black Roman Dial,Omega,3495.0,Stainless Steel,428.17.39.60.01.001,New,/static/images/watches/omega_constellation.png
542,Used Omega Speedmaster Apollo 8 Dark Side of the Moon Ceramic,Omega,12595.0,Ceramic,310.92.44.50.01.001,Used,/static/images/watches/omega_speedmaster.png
543,Used Silver Dial Omega Aqua Terra 150M,Omega,6695.0,Stainless Steel,220.10.41.21.02.004,Used,/static/images/watches/omega_constellation.png
544,Used Omega Steel Seamaster Diver 300M Blue Dial,Omega,4895.0,Stainless Steel,212.30.44.50.03.001,Used,/static/images/watches/omega_seamaster.png
545,Used Omega Speedmaster Super Racing,Omega,9995.0,Stainless Steel,329.30.44.51.01.003,Used,/static/images/watches/omega_speedmaster.png
546,Used Omega Seamaster Aqua Terra 150M Grey Dial,Omega,5995.0,Steel and Rose Gold,231.23.44.50.06.001,Used,/static/images/watches/omega_seamaster.png
547,Omega Seamaster Planet Ocean Deep Black Ceramic on Rubber,Omega,6995.0,Ceramic,215.92.46.22.01.001,Used,/static/images/watches/omega_seamaster.png
548,Omega Steel on Leather De Ville Black Roman Dial,Omega,4595.0,Stainless Steel,431.13.41.21.01.001,Used,/static/images/watches/omega_constellation.png
549,Omega Speedmaster Two Counters Titanium,Omega,7595.0,Titanium,311.90.44.51.03.001,Used,/static/images/watches/omega_speedmaster.png
550,Omega Seamaster Planet Ocean 600M Co-Axial Master Chronometer,Omega,5295.0,Stainless Steel,215.33.44.21.01.001,Used,/static/images/watches/omega_seamaster.png
551,Omega Seamaster Planet Ocean 600M ETNZ Edition,Omega,12295.0,Ceramic,215.92.46.51.01.003,Used,/static/images/watches/omega_seamaster.png
552,Used Omega Speedmaster Stainless Steel & Sedna Gold,Omega,17295.0,Steel and Rose Gold,310.20.42.50.99.001,Used,/static/images/watches/omega_speedmaster.png
553,Omega De Ville Prestige Stainless Steel & 18k Sedna Gold,Omega,7995.0,Steel and Rose Gold,434.20.34.20.02.003,Used,/static/images/watches/omega_constellation.png
554,Omega Speedmaster Moonphase Stainless Steel on Leather Strap,Omega,10995.0,Stainless Steel,311.33.44.32.01.001,Used,/static/images/watches/omega_speedmaster.png
555,Vintage Omega Cocktail Diamond Dial,Omega,5495.0,Yellow Gold,,Used,/static/images/watches/omega_constellation.png
556,Omega Specialities Paris 2024 Silver Dial,Omega,10995.0,Bronze,522.92.39.21.99.001,Used,/static/images/watches/omega_constellation.png
557,Used Omega Speedmaster Dark Side of the Moon Meteorite Dial,Omega,11795.0,Ceramic,311.63.44.51.99.001,Used,/static/images/watches/omega_speedmaster.png
558,Omega Seamaster Steel & Gold Diver 300M Blue Dial,Omega,7195.0,Steel and Gold,210.22.42.20.03.001,Used,/static/images/watches/omega_seamaster.png
559,Omega Seamaster Grey Dial Planet Ocean 600M Stainless Steel,Omega,6795.0,Stainless Steel,215.32.44.21.01.002,Used,/static/images/watches/omega_seamaster.png
560,Omega Seamaster Two Tone Diver 300M Blue Dial,Omega,6795.0,Steel and Gold,210.22.42.20.03.001,Used,/static/images/watches/omega_seamaster.png
561,Omega Constellation Silk Grey Dial,Omega,5695.0,Stainless Steel,131.33.41.21.06.001,Used,/static/images/watches/omega_constellation.png
562,Pre-Owned Omega Speedmaster 50th Anniversary Limited Edition,Omega,9995.0,Stainless Steel,311.33.42.50.01.001,Used,/static/images/watches/omega_speedmaster.png
563,Omega Speedmaster Meteorite Dial,Omega,10595.0,Ceramic,311.63.44.51.99.001,Used,/static/images/watches/omega_speedmaster.png
564,Omega Speedmaster From Moon To Mars Stainless Steel,Omega,8995.0,Stainless Steel,3577.50.00,Used,/static/images/watches/omega_speedmaster.png
565,Pre-Owned Omega Speedmaster X-33 Regatta,Omega,4995.0,Titanium,318.92.45.79.01.001,Used,/static/images/watches/omega_speedmaster.png
566,Omega Speedmaster Grey Side of the Moon Platinum Dial,Omega,8995.0,Ceramic,311.93.44.51.99.001,Used,/static/images/watches/omega_speedmaster.png
567,Omega Seamaster Aqua Terra 150M Agate Grey Dial,Omega,6995.0,Steel and Rose Gold,220.23.38.20.06.001,Used,/static/images/watches/omega_seamaster.png
568,Omega Speedmaster Moonphase Platinum on Leather Strap,Omega,43995.0,Platinum,304.93.44.52.99.004,Used,/static/images/watches/omega_speedmaster.png
569,Omega De Ville Prestige Red Dial,Omega,4595.0,Stainless Steel,434.13.41.20.11.001,Used,/static/images/watches/omega_constellation.png
570,Omega Seamaster Planet Ocean 600M Diamond Bezel,Omega,7795.0,Stainless Steel,222.18.46.20.01.001,Used,/static/images/watches/omega_seamaster.png
571,Omega Seamaster Planet Ocean 6000M O-Mega Steel,Omega,9995.0,Stainless Steel,215.30.46.21.03.001,Used,/static/images/watches/omega_seamaster.png
572,Omega De Ville Prestige Grey Dial,Omega,4295.0,Stainless Steel,434.13.40.20.06.001,Used,/static/images/watches/omega_constellation.png
573,Omega Constellation 38MM Steel & Gold,Omega,5595.0,Steel and Gold,123.20.38.21.02.006,Used,/static/images/watches/omega_constellation.png
574,Omega Constellation 39MM Steel & Yellow Gold,Omega,9995.0,Steel and Gold,131.20.39.20.02.002,Used,/static/images/watches/omega_constellation.png
575,Omega De Ville Prestige 40MM Sedna Gold,Omega,10495.0,Rose Gold,434.53.40.20.02.001,Used,/static/images/watches/omega_constellation.png
576,Omega Seamaster Railmaster 38MM Steel on Leather,Omega,5995.0,Stainless Steel,235.12.38.20.13.001,Used,/static/images/watches/omega_seamaster.png
577,Omega Constellation Red Diamond Dial,Omega,9495.0,Stainless Steel,131.18.36.20.61.001,New,/static/images/watches/omega_constellation.png
578,Omega Seamaster White Dial Planet Ocean 600M Ultra Deep O‑MEGASTEEL,Omega,9995.0,Stainless Steel,215.30.46.21.04.001,Used,/static/images/watches/omega_seamaster.png
579,Pre-Owned Omega Aqua Terra 150M 43MM Steel on Leather Strap,Omega,4295.0,Stainless Steel,231.13.43.22.01.001,Used,/static/images/watches/omega_constellation.png
580,Omega Constellation Steel on Leather Silver Dial,Omega,4995.0,Stainless Steel,131.13.34.20.02.001,New,/static/images/watches/omega_constellation.png
581,Omega De Ville Tresor Silver Roman Dial,Omega,3795.0,Stainless Steel,428.17.39.60.02.001,New,/static/images/watches/omega_constellation.png
582,Omega De Ville Tresor Sedna Gold Brown Roman Dial,Omega,4595.0,Rose Gold,428.58.36.60.13.001,Used,/static/images/watches/omega_constellation.png
583,Omega De Ville Tresor Grey Roman Dial,Omega,3495.0,Stainless Steel,428.18.39.60.13.001,New,/static/images/watches/omega_constellation.png
584,Omega Seamaster Planet Ocean Deep Black,Omega,7295.0,Ceramic,215.92.46.22.01.003,New,/static/images/watches/omega_seamaster.png
585,Omega Seamaster Planet Ocean 600M Grey Ceramic,Omega,18295.0,Ceramic,215.92.46.22.99.002,Used,/static/images/watches/omega_seamaster.png
586,Omega Seamaster Planet Ocean 600M White Index Dial,Omega,5995.0,Stainless Steel,215.30.40.20.04.001,Used,/static/images/watches/omega_seamaster.png
587,Omega Seamaster Planet Ocean 600M Steel on Leather,Omega,16495.0,Stainless Steel,232.18.46.51.01.001,Used,/static/images/watches/omega_seamaster.png
588,Omega Seamaster Regatta America's Cup Titanium on Rubber Strap,Omega,6595.0,Titanium,216.92.46.79.10.001,Used,/static/images/watches/omega_seamaster.png
589,Omega De Ville Tresor Blue Roman Dial,Omega,2295.0,Stainless Steel,428.18.36.60.03.001,New,/static/images/watches/omega_constellation.png
590,Omega Seamaster Planet Ocean Black Ceramic,Omega,5400.0,Ceramic,215.92.46.22.01.006,Used,/static/images/watches/omega_seamaster.png
591,Omega Seamaster Diver 300M Bronze Gold on Bronze Gold,Omega,5500.0,Bronze,210.90.42.20.01.003,Used,/static/images/watches/omega_seamaster.png
592,Omega Seamaster Milano Cortina 2026 Moonshine Gold on Leather,Omega,6000.0,Yellow Gold,522.53.37.20.04.001,New,/static/images/watches/omega_seamaster.png
593,Omega Seamaster Diver 300M 42MM Stainless Steel,Omega,5500.0,Stainless Steel,210.30.42.20.01.018,Used,/static/images/watches/omega_seamaster.png
594,Used Omega Speedmaster Silver Snoopy Award Stainless Steel,Omega,8500.0,Stainless Steel,310.32.42.50.02.001,Used,/static/images/watches/omega_speedmaster.png
595,Omega Constellation Blue Diamond Dial,Omega,4000.0,Stainless Steel,131.13.34.20.53.001,New,/static/images/watches/omega_constellation.png
596,Used Omega Speedmaster Silver Snoopy Award,Omega,8500.0,Stainless Steel,310.32.42.50.02.001,Used,/static/images/watches/omega_speedmaster.png
597,Pre-owned Omega Speedmaster Silver Snoopy Award,Omega,8500.0,Stainless Steel,310.32.42.50.02.001,Used,/static/images/watches/omega_speedmaster.png
598,Omega Constellation Globemaster Platinum on Leather,Omega,10000.0,Platinum,130.93.39.21.99.001,Used,/static/images/watches/omega_constellation.png
599,Omega Speedmaster Anniversary Series Silver Snoopy Award 42MM Steel,Omega,8500.0,Stainless Steel,310.32.42.50.02.001,Used,/static/images/watches/omega_speedmaster.png
600,Omega Speedmaster Silver Snoopy Award Anniversary Series,Omega,8500.0,Stainless Steel,310.32.42.50.02.001,Used,/static/images/watches/omega_speedmaster.png
601,Omega Speedmaster Silver Snoopy Award,Omega,8500.0,Stainless Steel,310.32.42.50.02.001,Used,/static/images/watches/omega_speedmaster.png
602,Omega Speedmaster Anniversary Series Silver Snoopy Award,Omega,8500.0,Stainless Steel,310.32.42.50.02.001,Used,/static/images/watches/omega_speedmaster.png
